model,epoch,kind,class,n,R,depth_p01,depth_p10,depth_median,depth_p90,depth_p99,radius_p01,radius_p10,radius_median,radius_p90,radius_p99,angle_p01,angle_p10,angle_median,angle_p90,angle_p99,distance_p01,distance_p10,distance_median,distance_p90,distance_p99,hyp_knn5_max_incoming,angle_knn5_max_incoming
v5_e200,200,HIER,airplane,563,0.9995506320387223,4.44515006333504,4.566621862269722,4.736925229197153,5.038660124327912,5.501885822922189,0.9768014284694001,0.9794277494743887,0.9826212209352055,0.9871186420374817,0.9918736751453499,0.7637591623539604,1.0025876439686365,1.509137778745266,3.1050801369415457,9.206380125971068,0.6837909008780676,0.9219143957522107,1.4267232171271347,2.7907689608190203,5.000893191181707,28,30
v5_e200,200,HIER,bathtub,95,0.9978106056251415,4.050740739114265,4.650331782213252,5.060467991915385,5.482337900702177,5.709650781376453,0.9657731531980055,0.981041333653617,0.9873947687461869,0.9917152228994515,0.9933941208819779,1.40390016332451,2.018909065950109,3.814171685783689,7.9874921101246645,15.47470839492839,1.5789129942949254,2.206120724825058,3.4232518681758544,4.817126413535388,5.688302083881752,20,12
v5_e200,200,HIER,bed,463,0.9985162529863115,4.436879577165754,4.68320845206524,4.975715566162612,5.438224992351151,5.711136491648568,0.9766064839450113,0.9816709395982153,0.9862875108170571,0.9913432214934598,0.9934039566355397,1.3036055095314028,1.7868046978047376,2.935485825203772,5.282794024504656,18.463212836105175,1.4022314468166919,1.8905452026931526,2.8104221550719264,4.156457869797425,6.334933602443071,55,22
v5_e200,200,HIER,bench,156,0.9969240132184894,4.866728134279806,5.295372323240101,5.772734772682725,6.130998674314936,6.212604208462345,0.9847162657366045,0.9900205391250181,0.9937967606953324,0.9956606173625937,0.9959999924659294,1.4233473079374868,2.170206896024659,4.3606694000771205,9.316376728523174,20.12441117961838,2.6202652620940383,3.561107929947446,5.000795580637124,6.449356165950682,7.90772927832161,41,14
v5_e200,200,HIER,bookshelf,515,0.9950990183594719,3.584213450764144,4.039626090687437,4.537063374691616,4.835738899526998,5.038449781378193,0.945979669457186,0.9654008732119478,0.9788171651013035,0.984243330929233,0.9871159420996495,2.0100724188904726,2.9011829315411886,5.183608002242122,10.372639177675348,25.553520115901165,1.3873633473555607,1.9240573885607006,2.8943258196908648,4.211775904127866,6.66371837281114,33,19
v5_e200,200,HIER,bottle,301,0.99530033025461,3.713122349482748,4.243752903490052,4.689470863228162,4.929098154611055,5.144864644075936,0.952360042681153,0.971698976468922,0.981784333271397,0.9856378350559124,0.9884090400857847,1.4794580242003406,2.1605669195883674,3.894179314348942,9.149690983678035,37.53386330262602,1.2202135291086877,1.7292860569213202,2.6745705460044786,4.179824598359985,6.920921842451842,32,21
v5_e200,200,HIER,bowl,58,0.9991170743609061,4.135746522468738,4.240097087534316,4.514795661905251,4.915195054058554,5.218478499501423,0.9685081463977705,0.9715966956107536,0.9783451409778122,0.9854380472468832,0.9892247057287138,1.3722893668653817,1.8413607827808252,2.8267820126994194,4.935053626350103,7.9776829168765175,0.9761856670433354,1.359118830328221,2.002656711043495,3.0998772155087937,4.119877599659838,20,15
v5_e200,200,HIER,car,177,0.9994224816442581,4.589271171857148,4.927783964982529,5.175187003096213,5.38522877074177,5.479650629366141,0.9798784471406576,0.9856190818178828,0.9887532834081937,0.9908742468593283,0.9916923162568285,0.8411228607356354,1.1317789197008774,1.8510685921613172,3.479627686078251,13.593017374628005,1.179586734860407,1.5430012290625381,2.3004965685801704,3.3885892419277734,6.329293778523753,29,17
v5_e200,200,HIER,chair,800,0.995133579410227,4.424416641122146,4.982406269523137,5.548667507625934,5.8684611615280415,5.986678200833254,0.9763209209512236,0.9863783259258713,0.9922449062883849,0.9943614997991854,0.9949885985302218,1.6229282606443978,2.436919452309509,4.560296882518598,8.831493046769092,30.040352633773697,2.4936552136255936,3.333835763110276,4.5460821797881135,5.774670293835724,7.518694672099992,43,24
v5_e200,200,HIER,cone,150,0.9992864920859215,4.277359603905345,4.353994482847017,4.668742460405055,4.89785103826246,5.105104612637637,0.9726214192238517,0.9746155733781204,0.9814063534882764,0.985185311085882,0.9879400846255789,0.8138247545448152,1.2280586984475255,2.1592880654385413,4.1249180728226875,11.062845220925587,0.6706099882696975,1.0603755004369906,1.7815561087996656,2.9103590345398653,4.683869572102596,25,21
v5_e200,200,HIER,cup,71,0.9980217361905898,4.039302890739941,4.734606702083482,5.158970395735619,5.292377072620243,5.35637483678858,0.9653684187543641,0.9825812323540369,0.9885704637501826,0.989990764625997,0.9906064211054888,1.649066022920195,2.2293656063158136,4.081128582213028,7.950173715789942,11.546819330027883,1.9804134724564555,2.5597779331681774,3.565063206645133,4.517796685455374,5.267767771994637,15,13
v5_e200,200,HIER,curtain,123,0.9990578397165405,4.375360321287626,4.538345240223905,4.740574584293764,5.066983190799408,5.2684793721191365,0.9751396278471162,0.9788439465625012,0.9826839785864262,0.987475997495078,0.9897475782307258,1.3119182833974394,1.801622393970248,2.737292747013583,4.955584659634278,9.072568797524976,1.1719849684466161,1.5728548205635127,2.2969411750733215,3.5708535095275242,4.761983651835396,31,17
v5_e200,200,HIER,desk,180,0.969593191501012,4.442593247772015,4.83170167074221,5.13300360677496,5.335687318846344,5.494422960327203,0.9767398199574622,0.9841802311001664,0.9882715514902396,0.99041297384919,0.9918060257366896,1.8240660110926588,2.778273580173592,5.433788082365539,47.509097780713006,56.115920534915254,2.2103715814724443,2.9292852769547686,4.182700479941254,8.218029183523841,8.753104644363512,18,13
v5_e200,200,HIER,door,98,0.9977850321917872,4.939404364050593,5.027502597737726,5.101814869522419,5.185040598981536,5.2594524484279255,0.985773385696709,0.9869749049337057,0.9879022293943807,0.9888629411771191,0.989657425294708,1.2445578257613998,1.6661218377982725,2.512782596966727,4.222803628501599,32.86026980029705,1.5705079136818232,2.0205303188814754,2.6976676214219384,3.6936833195269356,7.29105872234411,20,21
v5_e200,200,HIER,dresser,180,0.9933321826750093,4.1741415998690865,4.451872493501088,4.992243729848064,5.5223178155159065,5.811026707626276,0.9696888379709644,0.9769549925083527,0.986510773252883,0.992038598507595,0.9940291619787094,2.596364976875005,4.1236145455145,7.688298021587089,14.050380177211348,20.599502680843962,2.1190807693591047,3.216278145479843,4.628700427709992,5.946422477965874,6.747923278075509,19,14
v5_e200,200,HIER,flower_pot,134,0.9781397132166503,4.039299453143329,4.6690502225568355,5.509387911021022,6.031850287946096,6.198447266233323,0.9653885192386753,0.9814113439183136,0.9919354799670121,0.995209380140021,0.9959422538794802,2.242775015754688,3.7899762162414237,7.69134851359871,16.927736753092294,63.63396420263112,3.0014963520589775,4.046679892056578,5.429133151203416,6.842638945467665,9.686365441376227,21,15
v5_e200,200,HIER,glass_box,154,0.9775588782597621,4.631582203839172,4.905630149900686,4.984168467355071,5.833473530357704,6.212605072993424,0.9804810389224933,0.9852992927599123,0.9864021477518683,0.9941525271399698,0.9959999959171355,1.1310440170126768,1.5206564063845156,2.2889552431273428,26.080027140949554,75.12537025260401,1.321005020281948,1.6887800241278612,2.3618212651457697,8.056987526943278,9.164925683702409,16,13
v5_e200,200,HIER,guitar,139,0.9991104253956034,4.338830629049809,4.535487768378798,4.7455463901000305,4.96468330579844,5.279003912117868,0.9742118099193899,0.9787841143771078,0.9827691169414764,0.9861363942143554,0.9898563850432803,0.8985404045929006,1.1789789412151896,1.8396085147689205,6.108895575996451,11.302392597125818,0.8399137710050268,1.0999794907896028,1.6407802101972804,4.020030314100574,5.302373078021358,27,18
v5_e200,200,HIER,keyboard,131,0.9982694996621894,3.9274069750965657,4.4860731053078045,4.692082194736797,4.825603033686337,4.929053126146167,0.9613014161141411,0.9777213786050944,0.981831406812767,0.9840842415844501,0.985636822946519,0.9884984822526786,1.3766752423921,2.3987459439210825,7.914614211203434,17.34460975138269,0.9488525579251452,1.2702433223143528,1.9637862665217463,3.841014444438304,4.86910773391501,16,17
v5_e200,200,HIER,lamp,112,0.9989850149554099,5.337478974491764,5.454919540653583,5.578785895925915,5.685689980608357,5.791357783528398,0.9904274994857285,0.9914859537188908,0.9924741269104121,0.9932345811291655,0.993910864162509,1.1885573791133814,1.6801095231853078,2.9172090605777026,5.528219651060505,8.634997114680779,2.2008086712015844,2.818319601485058,3.8393441540745643,5.097427174236012,6.05358415728633,20,17
v5_e200,200,HIER,laptop,134,0.9984807384413681,4.716300047206283,4.942386342722608,5.185791612492038,5.630963745155854,5.756989118335815,0.9822609659078929,0.985826054169632,0.988871259982935,0.9928553762378646,0.9936970528993422,0.8617349372004607,1.285167720116883,2.3980929485291105,4.64675847812083,24.76605863981465,1.1277918293037055,1.6769277042711497,2.8365545993766985,4.338311802351572,7.2457467921507765,17,16
v5_e200,200,HIER,mantel,256,0.9792387477732707,4.810325573979332,4.971954102304779,5.1969573082470735,5.466673658306581,5.789059070963711,0.9838391768376208,0.9862360806905655,0.9889941322557747,0.9915850103020368,0.9938968412484002,1.1193914485201566,1.7290514500926863,4.009793084093969,17.92718178015354,60.9579276054737,1.5299686148506109,2.182296198532098,3.6939984871242064,7.0463981478314714,9.262179271654372,17,13
v5_e200,200,HIER,monitor,419,0.99890982361067,4.172383428096788,4.368196868730122,4.591077541645145,4.9847503042915315,5.400996496867026,0.9696361448787352,0.9749690251978975,0.979919803553511,0.9864099997821644,0.9910162289511268,1.1980627904501266,1.6531312398704985,2.7422318349843233,5.1507655455321375,10.509502378661569,0.9429812003292427,1.2991801815708135,2.0482231085583393,3.469371094427197,4.9115841048275,28,20
v5_e200,200,HIER,night_stand,180,0.9920166193393358,4.1357460120533505,4.837535760707627,5.402401502002907,5.731343307818879,5.906312024813439,0.9685172567169886,0.9842714912142391,0.9910289195494932,0.9935355234586585,0.994570177810676,2.388408459806885,3.8956890841304195,7.749284794297182,15.561339733336654,26.797594337060616,2.990426408088164,3.9389329719803063,5.327655211383908,6.662208034013425,7.419432391210407,21,12
v5_e200,200,HIER,person,79,0.999597894355209,4.767003995015943,4.832450641925629,5.083606189749065,5.378433229509457,5.482948078051006,0.9831194767359966,0.9841919737642958,0.9876813068598044,0.9908122879369453,0.9916722166092025,1.0726355202895206,1.396847220283302,2.0282376688314114,3.1309749568598053,4.743836723267576,1.3360860828701628,1.7095840119005052,2.3469038608976187,3.2000217448630326,4.348466539836629,18,21
v5_e200,200,HIER,piano,208,0.9878530594273842,4.365939423447469,4.667383803941585,4.986581627140783,5.389656318786257,5.549783052472932,0.9749122777995172,0.9813813059090795,0.9864345920901323,0.9909143749524681,0.9922534792166213,1.2691077633878087,1.9307648945294105,9.751537684334426,19.756345384426787,21.4574199701867,1.3547148252827657,2.1027320230000557,5.125685073108702,6.578538379780464,6.920727461579871,23,18
v5_e200,200,HIER,plant,215,0.985060791684855,3.3373018911243286,3.5699064685539432,4.231073740921288,5.057210190938273,5.436743665988693,0.931372399603367,0.9452253669934406,0.9713430329631123,0.987353896289124,0.9913304694108395,2.2902897627302816,3.7627822770100243,8.193560832217292,20.441163400712,47.48173924114533,1.0817293998558954,1.8395633565446083,3.4315108556806244,5.187314635302013,7.289014517535908,24,15
v5_e200,200,HIER,radio,94,0.9818395874820449,4.495793053233554,4.735399892216667,5.327963389999814,5.680701999733091,5.820586895166524,0.9779306824726833,0.9825915639638269,0.9903382194514818,0.9932008649457176,0.9940833716473114,2.1265980036172536,3.1945241535340423,6.031703865299116,29.51090067929565,58.93728266944453,2.3322032178353473,3.3117137180426357,4.699590001659445,7.548650431428313,9.031685610566898,33,11
v5_e200,200,HIER,range_hood,103,0.9940663485921628,5.133823434943064,5.198894856817566,5.308139655827743,5.469431234697857,5.620758213090287,0.9882809871791025,0.9890153352826225,0.9901465278925743,0.9916080931754333,0.9927819251945735,0.9494761148428031,1.4714755617842237,2.864934333627327,6.497016975418473,51.73422096880005,1.4565676675440538,2.169806300533854,3.3367956288612586,4.987488906973057,9.030457993963891,15,15
v5_e200,200,HIER,sink,115,0.9945136163558701,5.01681959070477,5.36147257246077,5.792974090520607,5.981323549163417,6.090041712222132,0.986835760414895,0.9906558119093207,0.9939207331396828,0.9949617584768666,0.9954795797153434,1.324444915769729,2.1333603786410946,5.394994785099445,14.126760489213954,18.560154421086075,2.4884170484245978,3.44183339996408,5.409504724710465,7.272659174187559,7.833388515331343,15,13
v5_e200,200,HIER,sofa,612,0.9990904760804266,4.0422109794826495,4.300176360284654,4.580754603910318,4.892602574031611,5.381433335333915,0.9654882963780513,0.9732308222168721,0.9797135567760951,0.9851079722371154,0.990837811615014,1.1459180713335613,1.591598738840105,2.6730534857395014,4.914764546171606,9.239710806386034,0.9161680709413552,1.2685582499988013,1.9905381756826745,3.0788213912516182,4.05465585652268,41,26
v5_e200,200,HIER,stairs,112,0.9993004302304648,5.356736799095246,5.513088258212648,5.70766853950607,5.846606723524953,5.888412107543903,0.9906116263412973,0.9919651254225661,0.9933811638199754,0.9942372379060068,0.9944725685304077,0.9828340176420299,1.397356658897026,2.3942036529262696,4.339315711858587,8.563039365942087,2.057480308099819,2.698310117679266,3.696094645095418,4.780942457518801,6.382712402976347,18,19
v5_e200,200,HIER,stool,81,0.9916516566675977,4.399306680959552,4.561320734917579,4.93709372488037,5.505119197050488,5.831517681719943,0.9756785526108344,0.9793195733619783,0.9857513960475617,0.9919011214454845,0.9941497495976355,1.7502318714277398,2.8878382714046293,5.789790663512127,12.280467844178373,49.35145817883681,1.8114806515664261,2.6854211950622777,4.101970106027018,5.772677826097629,7.838442806669384,14,13
v5_e200,200,HIER,table,353,0.9762260513646079,3.4966864764835885,4.041795633497126,4.545765956669679,5.201395636013064,5.600218783219879,0.9411839917280418,0.9654744446044924,0.9789987833002717,0.9890426192564022,0.9926329116522368,2.1636023650683103,3.8933077870927564,9.022857796648095,29.3569026459044,55.132987558203375,1.490377025365042,2.473423947963417,4.248540696795153,6.158240214274436,7.4407146824733825,17,12
v5_e200,200,HIER,tent,147,0.9988477532691932,4.286106277734078,4.4585445741825085,4.728166240525065,5.12620281459095,5.535295108079779,0.9728560984135147,0.9771063349608244,0.9824696719049311,0.9881918909966861,0.9921221499467191,1.2929290217608465,1.7905790226165115,3.1296278074483994,5.827778802699022,9.032612094560205,1.0844625689855663,1.4980020615618928,2.504559902610965,3.8318415075125944,4.749410353723753,19,15
v5_e200,200,HIER,toilet,310,0.9991029416657644,4.357554468856023,4.5939989006270165,4.8328558054635256,5.2793807890629925,5.681255939244183,0.9747046717551179,0.9799776982556154,0.9841983461432222,0.9898604960596512,0.9932046029017498,1.3012809162134156,1.8046789161542771,2.976564967131609,4.940786202555993,6.800540926993183,1.2471805094722124,1.699655661272794,2.5843982025661285,3.7579168841062622,4.602188661421446,35,24
v5_e200,200,HIER,tv_stand,240,0.9873559714919369,3.497063431615743,4.536049994903501,5.090143740842296,5.407146557874886,5.687165961425449,0.9401319511944412,0.9787958071259287,0.9877610781910322,0.9910711658907324,0.9932415889568627,2.104705412197996,3.293569871805217,6.596801104913737,16.26679244100664,50.59790923554276,2.1725181082730507,3.024660777553468,4.374216927903895,6.021915111653298,8.465257267884198,21,15
v5_e200,200,HIER,vase,427,0.9819711962072756,3.068325782848522,3.500233472976139,4.296612964648648,5.233522658750656,5.740823986489057,0.911130749115236,0.9413869171203836,0.9731365467752783,0.9893871752567537,0.9935962601779232,2.7853298412802716,4.52578469855881,9.380770388852735,20.338286007388753,56.08609512879649,1.2165315414272073,2.11693434974019,3.7293995321184767,5.547246400489825,7.719056061826459,28,17
v5_e200,200,HIER,wardrobe,78,0.9945319562019763,4.082458712991775,4.529398128787021,5.220771722971829,5.625462677798541,5.847270583264651,0.9668226762575677,0.9786556555901116,0.989251726263101,0.9928159768006957,0.9942410849897284,3.2152544397343528,4.599859348431778,8.016119136550513,11.668661084876351,14.348166250178936,2.583018041685902,3.8509657608535313,4.9904434680092375,5.785954428063978,6.257715376022799,21,18
v5_e200,200,HIER,xbox,93,0.990883470925676,4.678108824168677,4.952982920911199,5.47290196043336,5.968527752472118,6.0889834407162615,0.981578059437774,0.9859743656853658,0.9916370581478503,0.9948969885982234,0.9954719572001846,2.158006862928996,3.4152762009250215,6.714130165667157,10.798163902838557,58.5829024080604,2.624088000062084,3.8766739665337844,5.280442882841275,6.342155102863005,9.807434432354253,20,19
v6_best99,99,HIER,airplane,563,0.9929126432920118,5.118607405086932,5.989536485805125,6.19073291226417,6.2126089407418155,6.212614739228627,0.9880993363594657,0.9950028672786159,0.9959117241963387,0.9960000113571852,0.996000034504612,1.1575152663556687,1.7311787740148006,3.683213667858987,15.428949157395824,35.95331910236814,3.2697420130488237,4.007578079393983,5.429561639348686,7.9428526398218855,9.032237413767348,22,27
v6_best99,99,HIER,bathtub,95,0.9869103917371512,4.585646248515503,5.610598286803269,6.212600345620937,6.212610040716051,6.212617275626736,0.97979946166049,0.9927074511037195,0.995999977045413,0.9960000157482675,0.9960000446298131,2.251596985502013,3.8162838586754466,8.167239413611869,20.966189082175255,37.37938431535556,4.558927904054502,5.578320218805276,7.040592166990691,8.223695346333026,9.12139939617383,11,12
v6_best99,99,HIER,bed,463,0.9881990873475689,4.4594891155618095,6.124951436013358,6.212603563853029,6.212611547876655,6.212618139567014,0.9771275928728602,0.9956342026784482,0.9959999898926485,0.9960000217648245,0.9960000480786224,1.8975945965460133,2.945198015465122,6.1109771552822565,20.7038928930992,38.3985934260529,4.250126718511155,5.109853265922077,6.5336322548900485,8.295796029893822,9.31979479147143,30,18
v6_best99,99,HIER,bench,156,0.9787323083327062,5.429365530903954,6.212593308942935,6.2126043120542835,6.212611289713347,6.212617498845903,0.9912400267032851,0.995999948954735,0.9959999928794743,0.996000020734242,0.9960000455208936,2.293568820065397,4.363461416086553,10.23604583891419,26.927328622171622,50.15086497727014,4.622290117566415,5.894018291569518,7.577204291856727,9.264541382265222,10.472865151449831,13,13
v6_best99,99,HIER,bookshelf,515,0.9771889321694375,5.574933098262592,5.904830509291139,6.1160783047988945,6.212607374454012,6.212614313883446,0.9924447514864955,0.9945623362287761,0.9955955319471952,0.9960000051045771,0.9960000328066483,2.044875940882712,3.7946245827509655,9.130770096816565,27.035427095114766,56.16025491054255,4.157878508626276,5.397762389641547,7.1433099257009545,9.130814097892753,10.668140663937915,22,18
v6_best99,99,HIER,bottle,301,0.9835320909134987,5.237328034545955,5.627288234219259,5.9093154376005295,6.127674709645645,6.212606982706943,0.9894273121403719,0.9928291631457273,0.9945866038280067,0.995646202389287,0.9960000035407245,1.7210559314898148,2.6565883830902046,5.203597817335066,23.806436051903017,57.12890960089576,3.499169244786616,4.34274263067268,5.644054120203975,8.353810450824652,10.224537332150076,18,17
v6_best99,99,HIER,bowl,58,0.9972025089309992,6.212592976154975,6.212597134953132,6.212602242785346,6.212609489346087,6.212613412476122,0.9959999476262283,0.9959999642283326,0.9959999846189296,0.9960000135472066,0.9960000292082545,1.5181697944518024,2.6669762182283026,5.078095782681721,8.684459180076225,15.145358568845783,3.821660019104318,4.918830417101816,6.195743943868295,7.264995834565791,8.372457691332858,11,11
v6_best99,99,HIER,car,177,0.9955894237842933,4.858906629810177,6.0153378054015185,6.212600279248199,6.212611344001489,6.2126200893995085,0.9845990680691209,0.9951296241102612,0.9959999767804515,0.996000020950959,0.9960000558622535,1.6875133383702547,2.4578620657945587,4.303785804291406,10.730611344577428,33.53399128388742,4.005213232434647,4.729059887156998,5.80169419653353,7.125556501438357,8.322580022937055,21,18
v6_best99,99,HIER,chair,800,0.9873807586821219,5.171205946440939,6.21259364697615,6.212603509895063,6.212612746593046,6.2126183253173455,0.9887086668986114,0.9959999503041806,0.9959999896772478,0.9960000265500715,0.9960000488201295,2.1254890337798082,3.615478890323011,7.5248925143898475,19.557801032938478,47.93550184750465,4.472658546265767,5.5199325564211765,6.970439946538724,8.578343926572542,10.15396086122483,26,18
v6_best99,99,HIER,cone,150,0.9943985326138767,5.579761267225217,5.790060162941055,5.916469898708465,6.025229275642736,6.1977695016668655,0.9924668192567605,0.9939030444302607,0.9946250909575041,0.9951776603749912,0.9959398707597372,0.9626508877280858,2.016444437504864,4.344487337346581,8.933428818353875,57.16999981513318,2.4512423457539994,3.8038113786995127,5.28077914100046,6.691601536706347,10.571741015077516,13,13
v6_best99,99,HIER,cup,71,0.981243929758406,5.2272338511764485,5.730820045314659,6.21259502624332,6.2126121755841,6.212620715722708,0.989049798534737,0.9935321532335265,0.9959999558102797,0.9960000242706182,0.9960000583624982,2.32790899423459,5.025613874432847,11.831882231739241,25.46737923834766,38.799066647775156,4.619827945429067,5.949935189726255,7.5652867091544405,8.852076436596766,9.712763063006419,19,11
v6_best99,99,HIER,curtain,123,0.9801719903221346,4.933094321832286,5.687523587228587,5.930857233534156,6.125459424935386,6.203712860250561,0.9856792578048725,0.9932469110502119,0.9947016654069171,0.9956365178698849,0.9959637751505488,1.998475382065596,3.4110041082330267,8.133875601205354,25.602950435200697,57.6871781891382,3.761980776777256,4.867365370078728,6.582548867800003,8.465981799548306,10.251727036572653,18,12
v6_best99,99,HIER,desk,180,0.9691891312788821,4.973861114979808,5.9088709672891495,6.212603547144382,6.2126125902366125,6.212618808338363,0.9862527888149588,0.9945840095503601,0.9959999898259474,0.9960000259259006,0.9960000507483215,3.2437458178834504,5.996919755477789,13.419125534183195,31.707239189292835,59.05121582178162,5.2980408224970015,6.463789503854193,7.987187010869666,9.502916323872327,10.419658763739394,48,13
v6_best99,99,HIER,door,98,0.9875478735442645,5.614225192136202,6.074324090343169,6.212601744382666,6.212612511095492,6.21261822830436,0.9927351486582131,0.9954075606145967,0.9959999826292979,0.9960000256099711,0.9960000484328583,1.8879760748251493,2.8902688389915863,5.6878807381274425,16.210597290479143,65.63154562292532,4.23840456830629,5.0598369134218055,6.40160627128413,8.229345873429343,11.081771485005753,14,15
v6_best99,99,HIER,dresser,180,0.9499075944902634,5.080002403512552,5.271321190932496,6.212593752910916,6.212609894325755,6.212616878476381,0.9876365881941104,0.9897787940796122,0.9959999507270771,0.9960000151638797,0.9960000430444051,2.7700681162332446,6.349564720981903,23.40900093456373,37.49315082742343,50.885240714099695,3.4946111652681764,5.588742348143711,8.748033899123088,9.68964761257227,10.611559165447957,15,11
v6_best99,99,HIER,flower_pot,134,0.863265893323494,4.938756546446314,5.460174692767464,6.095611308152794,6.212607826384392,6.212615766293476,0.9857745926688732,0.9915299453048924,0.9955046615104004,0.9960000069086804,0.9960000386046166,5.363598402246039,13.037012440172402,37.270014816463096,61.94425000229167,96.27636594569461,5.79212416075439,7.5122743819807924,9.472040384590096,10.699065095549294,11.484481357854879,61,11
v6_best99,99,HIER,glass_box,154,0.9760242013869963,5.08178995366688,5.214859089466469,5.692094580863692,6.212604743412315,6.212613510023753,0.9876584451873134,0.9891877304058182,0.9932776230953878,0.9959999946014575,0.9960000295976654,2.0832299383168813,3.2878222501215153,8.990425779363099,29.034710221233563,63.63173247265906,2.8485191537926675,3.7625329105052256,6.456080209537094,9.243837022021554,10.364864040268065,23,12
v6_best99,99,HIER,guitar,139,0.9944554313571513,5.088333079783575,5.770790903396017,6.2126007113742645,6.2126112567447755,6.212619092896335,0.987738829672333,0.9937819389819967,0.9959999785055084,0.9960000206026322,0.9960000518842631,1.7769650204859067,2.559830891618403,5.0059021517508295,13.260464336329926,28.232093237462347,4.097378371973096,4.793846898198446,6.025760272364127,7.633307500378191,8.522697718553477,16,13
v6_best99,99,HIER,keyboard,131,0.993631314359471,5.081513042988871,5.87438290517509,6.21259910027243,6.212611044800498,6.212615367645909,0.9873846418208817,0.9943946978152607,0.9959999720739502,0.9960000197565548,0.9960000370132315,1.6559508589237484,2.5414789463286382,5.151528801122951,11.538773417923656,37.75210851304061,3.9749713150704755,4.7906088456637645,6.080125040981287,7.550461856843192,9.239090544184204,17,18
v6_best99,99,HIER,lamp,112,0.9560784675409244,4.367854707963802,5.669607997960765,6.212599897147834,6.212610942474242,6.21261580271053,0.9748945387066819,0.9931251996151422,0.9959999752550976,0.9960000193480703,0.9960000387499931,3.127722378000746,6.304514827192948,15.108541823328023,43.748261281870256,62.65592463021613,5.144637280822684,6.4131578073734765,8.047140883628,9.87390018174829,10.900328353393695,55,13
v6_best99,99,HIER,laptop,134,0.9954872021688311,5.4798672141328755,6.212593599930842,6.212603253168789,6.212615734517321,6.2126185794259765,0.9916942524046389,0.9959999501163734,0.9959999886523936,0.9960000384777683,0.9960000498345177,1.0504011705310217,1.8722870494198287,4.036132246686385,12.61833470518359,24.089200773571214,3.13015535140169,4.22612470603221,5.738723570843963,7.870211818949573,8.86267330989522,14,14
v6_best99,99,HIER,mantel,256,0.9756064954323429,5.9126462275446645,6.2125948311700885,6.212603574416043,6.212612338812819,6.2126186816093965,0.9946043851316544,0.9959999550315386,0.9959999899348162,0.9960000249222232,0.9960000502424281,1.4799814979793253,2.506483707432944,6.546004456043514,30.388399055746472,54.87803367823661,3.7704893620212183,4.79629800023842,6.701536748747253,9.733104931693068,10.75930726267222,15,15
v6_best99,99,HIER,monitor,419,0.9348802749038252,4.009515143115503,4.998676210367636,5.861840325527548,6.087246392284406,6.212606387941086,0.9643614290626314,0.9865964620870495,0.9943241508909388,0.9954669810520524,0.9960000011664202,2.1976784719481666,3.8383677730605013,11.295798898749744,53.11679434239847,98.83929876761664,3.916432322469888,5.021147380028088,6.943433932339856,9.19046223780224,11.11803798245835,53,19
v6_best99,99,HIER,night_stand,180,0.902215987811472,5.13551063709313,5.776506447052621,6.212600254911764,6.21261037122095,6.212616020393493,0.9882975208582486,0.9938201021325946,0.9959999766832999,0.9960000170676376,0.9960000396189741,4.905288942824831,9.757592406840068,28.012397955698404,57.26632932173598,83.00393850365467,6.067066269227168,7.441783533805501,9.348260415092685,10.718233130215632,11.361464660762078,15,14
v6_best99,99,HIER,person,79,0.9966713210223617,5.40669416782344,5.812930827082657,6.010796570280171,6.168681439014441,6.212611828692398,0.99106607511377,0.9940404874338615,0.9951077282961225,0.9958204228772423,0.9960000228858286,1.8156797875527788,2.8168205253356553,5.349950536632681,9.602736032070883,16.750899017036616,3.7685919540828325,4.601932608925462,5.867684460614306,6.962500714068165,8.239508140892832,19,14
v6_best99,99,HIER,piano,208,0.8573506750007757,5.616352229414676,6.212591282371591,6.212603414533955,6.212611370373848,6.21261759370249,0.9927505946730338,0.9959999408645505,0.9959999892965652,0.9960000210562369,0.9960000458995572,2.191265858432215,4.657015010246144,32.39109272919879,68.50953876301246,76.82167665145407,4.532901407080156,6.011511246944171,9.660073474357656,11.262348524695645,11.457684307913906,13,13
v6_best99,99,HIER,plant,215,0.9685472514359805,4.9894240727716035,5.691201087880481,6.172677299044301,6.212608602267675,6.212616249184704,0.9864598496030902,0.9932699161344752,0.9958373924708134,0.996000010006,0.9960000405323003,2.8400170892646153,5.66960314740077,14.057333078344026,33.472355402477824,55.6855115657347,4.840658738230678,6.188019168691026,7.8458089165719445,9.491231179925597,10.705663870463011,25,13
v6_best99,99,HIER,radio,94,0.9159627142923787,5.5363798930938195,6.128261334425177,6.212603673423012,6.212610776759519,6.212615750859475,0.9920649879540557,0.995646442289776,0.9959999903300529,0.9960000186865403,0.9960000385430057,4.745107678590869,9.888709181384812,23.074808907531626,56.291859338763935,90.18885291308993,6.060778485953702,7.5014856310735665,9.12843411111622,10.732119933803963,11.507339679206087,11,12
v6_best99,99,HIER,range_hood,103,0.9920766584704459,5.72034816836447,5.8912026061508325,6.089006936577151,6.212606285505064,6.212616586110614,0.9934640394471176,0.9944879125254455,0.9954749418382355,0.996000000757496,0.9960000418772945,1.2388049639063006,2.0809249984043574,4.145065265359785,8.865923220961086,54.93800117508065,2.9883322606604428,4.035959589720348,5.55812406483541,7.099100584451587,9.599649526245862,15,14
v6_best99,99,HIER,sink,115,0.9570443541490563,5.501511022496815,5.9532595658890415,6.212602007377626,6.212611214109905,6.212615811075427,0.9918704193511907,0.9948171754002729,0.9959999836791782,0.9960000204324346,0.9960000387833854,2.8796004252304344,5.809160276622612,14.954735260938982,39.279946754197226,69.85590512012453,5.061655763429259,6.421428228171094,8.151876450114537,10.12530729545627,11.204344617484974,12,12
v6_best99,99,HIER,sofa,612,0.9939568932200693,4.789128427636135,5.930186228656125,6.212600627405662,6.212611644532197,6.2126172433886655,0.9834969548602203,0.994698118060927,0.995999978170304,0.9960000221506713,0.9960000445011203,1.7789712670196172,2.5886506627488757,4.8852264197806345,12.616058902680681,33.729816688167375,4.108361996344822,4.83484659458514,6.032926931737737,7.474143487050723,8.709029109536347,38,20
v6_best99,99,HIER,stairs,112,0.9893729265387957,5.868701959091449,6.212594600656875,6.212603914164829,6.212612001918518,6.212618856854246,0.9943628527756407,0.9959999541113195,0.9959999912910964,0.9960000235773493,0.9960000509419955,2.4482090352691497,4.07145174994229,8.099201567693996,18.029199476389444,40.52749341848676,4.7503799412119685,5.755617255860018,7.110673092293561,8.617661645672694,10.290525109126063,11,11
v6_best99,99,HIER,stool,81,0.980546618408562,5.649733478409944,6.212590813540456,6.212602585739114,6.212612325937697,6.212617135483483,0.9929305608445963,0.9959999389929491,0.995999985988006,0.9960000248708261,0.9960000440703677,2.6032904994063237,5.173492625766344,11.247122602269222,26.723387861991206,39.72467175374882,4.871224504159661,6.232792563153596,7.754573899784631,9.309234538775575,9.904708800173042,11,11
v6_best99,99,HIER,table,353,0.9717394478300208,4.769158847848175,6.00195412095938,6.21260211796727,6.212610768969678,6.212618751787024,0.9831609601526129,0.9950643758517912,0.9959999841206538,0.9960000186554435,0.9960000505225753,2.353817757144953,4.243733665809015,10.032132563760689,32.1758558530917,62.64614064305151,4.672037560741868,5.833722302128114,7.487481830291983,9.269867527928206,10.964947704819547,24,14
v6_best99,99,HIER,tent,147,0.9556568501184189,4.013013338432553,4.888180592043761,6.010135173427512,6.21260678071139,6.212612999963554,0.9644843998973465,0.9850416444654837,0.9951044994156139,0.9960000027343588,0.9960000275615195,2.311879487666949,4.032216069752203,10.80263080274736,44.64426895966442,75.1443211166791,4.2578699331113725,5.418523762883287,6.974483854599104,8.614962442793434,9.65119907800873,24,11
v6_best99,99,HIER,toilet,310,0.9895755168628161,5.6237730823062275,6.212593748982253,6.212603812350438,6.212612774912459,6.2126165624625616,0.9927993969467663,0.995999950711394,0.9959999908846525,0.9960000266631218,0.9960000417828926,1.9798690876035023,3.6294157541099423,8.67145232296438,18.587073437131135,28.60637507864975,4.334390113733538,5.527158740651491,7.239682988185452,8.663821515827177,9.499277772332887,20,18
v6_best99,99,HIER,tv_stand,240,0.9127709883578321,4.958365450322975,5.935532752211636,6.212602542973832,6.212611524672048,6.212616674237835,0.9860472102576701,0.9947263054760839,0.9959999858172863,0.9960000216721921,0.9960000422290949,4.226760331239473,8.626175726591095,23.573544905327488,57.14393383384847,86.19851599939553,5.817392374042845,7.199322600853173,9.045149372423156,10.649204877485353,11.42921672681183,29,11
v6_best99,99,HIER,vase,427,0.9584103388631698,4.745594164013988,5.427952219188388,5.962822256512837,6.2126032235404836,6.212613042050086,0.9827558410859786,0.9912542361494497,0.9948679208701675,0.9959999885341171,0.9960000277295279,3.0504837238800935,5.8207184662835845,13.258313955363858,39.33782377315642,75.4294804704195,4.6966848885250405,5.929425854911963,7.4950763740330775,9.31427532662196,10.680316344387654,29,15
v6_best99,99,HIER,wardrobe,78,0.9692320508251092,5.133219611383479,5.32639571132569,5.73523998158902,6.2126069692611665,6.212612104189612,0.9882737935535117,0.9903238641467511,0.9935590942199747,0.996000003487049,0.9960000239856094,3.296594574781692,5.317914124002357,17.910734631633566,30.33777624014477,40.853667666919925,3.754558140013577,4.819076269610475,8.10648141230154,9.105691878175913,9.75064678082127,19,16
v6_best99,99,HIER,xbox,93,0.9606013007861401,5.2017266537450375,5.8344794911455375,6.212600509006604,6.212611970553173,6.212615864266558,0.9890445952658105,0.9941670736136239,0.9959999776976523,0.9960000234521396,0.9960000389957223,2.657873144090199,6.026514122815157,15.574870432565108,31.474775999220505,84.99232024547571,4.825340362739395,6.413184430175117,8.325248429049957,9.395076902724323,10.877786428492405,13,13
v6_e200,200,HIER,airplane,563,0.9968743199331201,4.525270401840758,5.22078139215518,5.516852153040726,5.696127959989398,5.81372974582422,0.9785590818202082,0.9892518606046417,0.9919952118498226,0.9933045969032569,0.9940451966519303,0.9117758304472573,1.3467696479608806,2.772926745786359,7.35811461343009,28.48068769282587,1.701068431985272,2.3067350052391586,3.63053398915526,5.414923111920138,7.210364643303303,27,19
v6_e200,200,HIER,bathtub,95,0.9903908425210388,3.8118796402295527,4.314192272311327,4.9730122090889015,5.5278815714385825,5.846882094808149,0.9567430871176658,0.9735977812928014,0.9862506460982158,0.9920821474148305,0.9942388557166696,2.081239107946921,3.2813198747088266,6.828032599178712,15.494906090742061,43.6498404511797,2.087042425291993,2.8886005507203123,4.28505043869501,5.8128855252998255,7.02600415325843,23,10
v6_e200,200,HIER,bed,463,0.9957244972408634,4.543569347502702,5.004354143171748,5.53301167677686,6.100315858124379,6.212609166995759,0.9789511499223313,0.9866720668272365,0.9921230205114885,0.9955256754249477,0.9960000122603746,1.4801415645787552,2.1697600816658342,3.8363157759565194,8.588511248338362,31.669893838889553,2.2394249019203323,3.030825971943274,4.293807332227132,6.156551746755795,7.988268285429842,63,19
v6_e200,200,HIER,bench,156,0.9892354445791791,4.112009083085979,4.892575740871552,5.876078301903101,6.212609052396997,6.212615788787955,0.9677269992578429,0.9851075689863267,0.9944041615948164,0.9960000118029113,0.9960000386944146,1.8503929741090195,3.5644399435677263,7.61865078008545,20.18069848084605,34.15419311962295,3.494934236981846,4.668244476000428,6.076858943159094,7.178067906699939,7.909143038821563,24,14
v6_e200,200,HIER,bookshelf,515,0.993078951478342,4.426701102285225,4.893890201402408,5.176363843104151,5.442593054588909,5.67729857141731,0.9763572858102171,0.9851269928645187,0.9887664369115389,0.9913807969080306,0.993177639635141,1.6361553698921791,2.539948889873949,4.682770469305105,10.040123668604336,40.80807512123076,2.039044198121983,2.821100285961027,4.006258909029298,5.481578704476644,7.891863609861007,20,18
v6_e200,200,HIER,bottle,301,0.9940014031361573,3.8055324904798846,4.8594970188299484,5.144016481648446,5.344288563778928,5.480260943575067,0.9564736507952866,0.9846105691063644,0.9883992619464727,0.9904946964218737,0.9916981204818052,1.5884590529351068,2.4334074877102756,4.648116353801859,11.7936564171859,36.80731912345506,2.000676346775615,2.7161553133565204,3.8719198166660718,5.491879833734076,7.330061305579368,23,15
v6_e200,200,HIER,bowl,58,0.9915995025175409,3.6978650466086576,4.776583188150145,5.7623220505102815,6.212598714150298,6.212612550045446,0.9516448223240185,0.9832874643538322,0.9937320714944311,0.9959999705325395,0.9960000257654564,1.386851075623402,2.8891923631845384,6.564330613712304,16.64793423727073,32.43827821092165,2.9663231745502703,4.104306029043493,5.59913691323876,6.838071006491964,7.409982325907951,13,12
v6_e200,200,HIER,car,177,0.998604967696056,4.236421933848778,4.474980318778981,4.764337077722754,5.179487914666182,5.675476703961948,0.971460878087035,0.9774756290632527,0.9830871615651579,0.9888012684388011,0.9931639162362488,1.372098221762962,1.8709221797884141,3.110778671408392,6.196741976808722,12.964078377746802,1.2441294082348207,1.7271513741958784,2.5852153398872,3.950354494690175,5.941303941208397,37,18
v6_e200,200,HIER,chair,800,0.9892602200022454,3.881469118196832,4.72065478532594,5.798271806477782,6.212605611672803,6.212614973028304,0.959592134342239,0.982338611667095,0.9939527570513438,0.9959999980675573,0.9960000354379323,2.114065924363854,3.5328488834063703,7.286831960567239,16.92697793276432,43.140855501617686,3.4775967188604273,4.587020789241711,5.896317838587269,6.984771311690382,8.135816423674601,38,19
v6_e200,200,HIER,cone,150,0.9968851903777102,4.0466506700976925,4.8215471945947765,5.373907930560941,5.507891717488031,5.547561323866685,0.9656389548654498,0.9840177428635196,0.9907707942592017,0.9919234540019123,0.9922363544209306,0.8372005134613585,1.4290204266418272,2.9018796362448054,6.595588766665215,39.96334257605783,1.38017964737319,2.1078754763917438,3.310456586296374,4.578911859728065,7.482733960950087,33,19
v6_e200,200,HIER,cup,71,0.9961419191702389,4.336668393500926,5.147001459800738,5.532135254774272,5.802682595432729,5.854451425135047,0.9734775775991561,0.9884336383045541,0.9921161411525193,0.9939792913427123,0.994280833837089,1.885744461229412,3.092856859543481,5.744779165713937,11.032399965185704,14.780280458064075,2.991789638313146,3.8290994411026382,4.975994377845435,6.1608883377872905,6.808930872985414,15,13
v6_e200,200,HIER,curtain,123,0.997500071688982,4.773712368464654,5.225302761328918,5.473494545846507,5.619502740343424,5.8031379163198755,0.9832403328451951,0.9893000867815435,0.9916419917331427,0.992773318304292,0.9939791041701596,1.4280577297520498,2.2097968409280027,4.345006682078052,9.042307191774649,13.097007794589498,2.356216483617891,3.130478996504084,4.401002159622687,5.651655808122389,6.435310556480294,15,15
v6_e200,200,HIER,desk,180,0.9939741861561886,4.539590674596755,5.164648553331554,5.725704861621899,6.05883785388419,6.196745474009763,0.97886694757675,0.9886347120159048,0.9934990549879738,0.9953366415748904,0.9959360471694843,1.7814857341890022,2.9847600975553488,6.048715579023133,11.667284663623612,42.28645918176794,3.0920591704604403,4.1021003146529305,5.475597616805587,6.682273449472751,7.963871082261031,24,14
v6_e200,200,HIER,door,98,0.9913322504607119,4.168213957778399,4.764836656943249,5.216956762752691,5.3583670262628,5.450283542993369,0.969500687234234,0.9830933484229676,0.9892108286757217,0.990626865345414,0.9914420275959897,1.970409210828014,3.060864583447887,5.521323667399686,12.11329431793006,52.669760486601795,2.5680970617026384,3.242881584621547,4.281194830046132,5.414578376006401,9.212629975108621,19,15
v6_e200,200,HIER,dresser,180,0.9815396223250319,4.253354347433765,4.623789328530822,5.6286430722164855,6.212604639821548,6.21261543383484,0.9717899592986352,0.9805597047704322,0.9928387701095417,0.9959999941879233,0.9960000372774537,3.8498947410046105,6.524655092957448,13.127179159564129,23.08185735121858,33.94313836613978,3.0849700682406014,5.023356870824085,6.8724022410925105,8.141575957969382,9.045759826670203,39,15
v6_e200,200,HIER,flower_pot,134,0.9272503445491496,3.656993520764383,4.194275605250553,5.186496825598208,5.9819652638472105,6.209139785759443,0.9496413074346263,0.9702798339861425,0.9888790543288545,0.9949643203748277,0.9959860901797843,3.4571061630753133,7.412194850501769,20.042672193761284,51.614116197491946,77.54574698519394,3.3855380958029206,4.902728199184474,6.685841992169504,8.75046206894312,9.830786504109595,35,12
v6_e200,200,HIER,glass_box,154,0.9601862504783681,4.056375619709166,4.1624741985717355,4.505531687440268,6.212601369579337,6.212612589214238,0.9659658823710616,0.9693393151602628,0.9781459878314606,0.9959999811330761,0.9960000259218188,2.3245861986748113,4.2265774028755185,10.469442210041938,38.2980332467148,67.6992229440565,1.2259560726393417,2.295376498334983,4.906160568460166,8.504551624740339,9.553323279751188,22,16
v6_e200,200,HIER,guitar,139,0.9991011709993755,4.8279704448126,5.191996605855195,5.5186944072349675,5.778009902266421,5.884039115527541,0.984091623394033,0.9889393653517714,0.9920098862686887,0.9938293075268911,0.9944482394797418,1.1032525346718158,1.5388298390323716,2.607576434465447,4.935118149678993,9.497823035787066,1.942142655853434,2.484534228258487,3.4891424763580257,4.754279469839919,6.062011043671368,23,16
v6_e200,200,HIER,keyboard,131,0.9932754655774519,4.120463727952036,4.784000129978751,5.168382859040209,5.40567783119239,5.545922599177483,0.9680048055930353,0.9834137403541382,0.9886769329178178,0.9910581395316252,0.9922236727658978,1.1850200279360736,1.7022815377583946,3.4098209469313905,13.688387241760296,40.4006794778182,1.5686218541174317,2.170194528050502,3.3700937806960116,5.541696492931851,7.260702312085442,20,19
v6_e200,200,HIER,lamp,112,0.9868467051418555,3.599797432146035,4.772152022197441,5.414947860596752,5.814292551243662,6.052951579734868,0.9467856921186761,0.9832176858089655,0.9911402785497256,0.9940484898849088,0.9953091110592704,1.8297798381987054,3.00611469938319,6.290483763173851,13.5710148553699,62.999554690888495,2.482418648936435,3.4835328586328225,4.9475360307618335,6.334838330958119,8.292571369856681,37,17
v6_e200,200,HIER,laptop,134,0.9983520045635867,4.735821701693572,5.224670769577439,5.517929482523627,5.78686191039841,5.9434843826249555,0.9825732577617962,0.9892933531393974,0.9920037943662611,0.9938835644277328,0.9947679397795683,1.071444237930562,1.669255853106574,3.0727123186329495,7.0802336769018295,13.926830063305285,1.8766885351541687,2.672721952151376,3.857838470241234,5.422139312641841,6.931888331414705,22,14
v6_e200,200,HIER,mantel,256,0.9743382537508385,4.607183948667346,5.14596098175552,5.376730425088466,5.696908295796094,5.916759806426697,0.9802337458234855,0.9884214561090995,0.9907967073821731,0.9933097906795764,0.9946266336652309,1.5315262778928271,2.417702798417092,5.566536541248997,30.784813735681496,58.574143231698606,2.1893177142194973,2.9973715746917295,4.819161014899016,8.169648088911694,9.480708959252391,19,15
v6_e200,200,HIER,monitor,419,0.9703372200869281,4.158885268552899,4.697484509314032,5.044631291512454,5.298639440049424,5.537200794133612,0.9692290647081331,0.9819284098500737,0.9871948426857032,0.9900529316632651,0.9921557969378102,1.4370438269621433,2.0766605162245737,3.956356381952778,45.11839163103853,71.69959785745304,1.6958450439776236,2.276141862944265,3.4040079904432448,7.872412414113094,9.321231730474084,27,18
v6_e200,200,HIER,night_stand,180,0.9652308727951119,4.635246128824128,5.0687345252105,5.614052885033553,5.9700962004196505,6.209417350552838,0.980779075477924,0.98749782840896,0.9927339557522381,0.9949050168962335,0.9959872449147786,2.570637121436673,4.606969246680666,12.569136303792869,37.18883847646176,55.38093675105908,3.70001696735764,4.795521593163419,6.681382479340378,8.658615288335936,9.954784152682501,16,12
v6_e200,200,HIER,person,79,0.9990807774127207,4.504133936074452,4.81586431592564,5.133189155034237,5.422790328579386,5.631108955654187,0.9781044004869212,0.9839297208940855,0.9882737149639038,0.9912090691164679,0.9928546227131257,1.2525961558446954,1.7754867253045596,2.9783338862150326,5.147956598331357,7.262720355710209,1.5970648590029166,2.127764781885154,3.0886192477243593,4.118983147679317,4.7409574726152375,16,14
v6_e200,200,HIER,piano,208,0.8670509191666214,4.182844929483736,4.614768241016618,5.123325930236634,5.556252228882115,5.886548107250559,0.9699470572495639,0.980384532090294,0.9881580399922342,0.992303210910773,0.9944622520221522,1.7603397222309072,3.224164252217468,31.108024493302914,64.56958513581442,69.04549494844592,2.2294065872734254,3.350396090990744,6.983533599671304,9.13885252279898,9.55947616207143,26,15
v6_e200,200,HIER,plant,215,0.9797236711015123,3.7089580284571,4.270762749780075,5.096212682096239,5.483106364787953,5.632776180043979,0.9521645988697179,0.9724424876851201,0.9878346889252565,0.9917215933126159,0.9928679026982369,2.0758546918985363,3.266681543070623,7.057313866343442,31.006422920933225,51.74303923158337,2.238569695000755,3.1346240676185437,4.46546123219366,7.002898446734267,8.876668287245101,25,16
v6_e200,200,HIER,radio,94,0.9581247553882534,5.213149310068348,5.498535610721474,5.857012229007248,6.212605900137561,6.212612474020913,0.9891416240361933,0.9918470676612422,0.9942965208380825,0.9959999992191085,0.9960000254619685,2.0315099800707777,3.6167496932641288,11.237775976710287,44.68762399460322,58.9742589239511,3.4735188192485618,4.7148049881876455,7.093304512030712,9.935696904188278,10.690718557968319,19,12
v6_e200,200,HIER,range_hood,103,0.9931453099321003,5.058739742238825,5.186234752799734,5.319382713279521,5.47592612611298,5.657903895376913,0.9873729357283673,0.9888761504912028,0.9902561538980591,0.9916621580302806,0.9930442014536677,1.0047253190575398,1.569187940794665,2.934656922998065,5.552863456534801,51.520634363411524,1.550032326248381,2.2324921380549116,3.4021706685108217,4.685149064970741,8.683368359351832,14,12
v6_e200,200,HIER,sink,115,0.9952052351863061,5.01957029638227,5.440510913425215,5.756633463913738,6.006279719428246,6.210817880068061,0.9868659357716436,0.9913620346141683,0.9936964545458306,0.9950855875271872,0.9959928163768237,1.6353887841011034,2.82457442247237,6.46677229421423,12.00303545409565,17.973453301259063,2.9783499847860853,4.064174083913375,5.685695508510283,7.018014005416968,7.996866074725672,15,13
v6_e200,200,HIER,sofa,612,0.9967690258751396,4.15261561918193,4.7415281178255135,5.315526079940881,5.81678674335254,5.966854729116216,0.9690390976934614,0.9827003367296827,0.9902186849299442,0.9940633619811108,0.9948884929674681,1.4718965623185751,2.150571325873135,4.0254197420760915,9.205181750315402,21.56645344510585,1.9972935558027392,2.7841341403791753,3.991219599664598,5.352877507378336,6.725184043602511,57,31
v6_e200,200,HIER,stairs,112,0.9980232434302783,4.3833398869994,4.571573528501592,4.878532494147471,5.308348007166959,5.959901643166219,0.9753404119299728,0.9795282732137629,0.9848985327562003,0.9901478828054345,0.9948254442838416,1.544688873665188,2.2709682710284262,3.971965682097368,7.409907881105087,13.302207056465505,1.517880396284553,2.104818036453108,3.091048462168164,4.679561309120269,6.563508843580326,37,16
v6_e200,200,HIER,stool,81,0.9913396539272086,4.112175496864193,4.603379445210797,5.518077909550034,6.127451612716282,6.212609804542314,0.9675222630557355,0.9801628798489425,0.9920049785607157,0.9956452330772214,0.996000014805445,2.3460375493138557,3.8451725785212885,7.753400101118431,13.907979158902664,40.493681470127775,2.8889629663841054,4.11215171417263,5.521269929914897,6.800916414113472,7.708209628801068,21,11
v6_e200,200,HIER,table,353,0.9796156938376104,3.7019547971720246,4.423219036289308,5.182008969654384,5.92743743191076,6.212607038633246,0.9518189253323361,0.976293242427832,0.9888293199447528,0.9946835049745708,0.9960000037639801,2.165154407520256,4.105132153291444,9.583827484104727,24.95151580854392,59.35741146748014,2.5368865964689906,3.738216038537014,5.426195044340309,7.083015433097229,8.665212230956211,23,14
v6_e200,200,HIER,tent,147,0.9971246475261787,4.161960655967788,4.438836841604642,4.902713949854112,5.407852868764238,5.654331693337596,0.969321874994118,0.9766562427057083,0.9852566881093006,0.9910773413416737,0.9930196506399026,1.728460900904988,2.647688051368299,4.864443085407166,9.211135566715424,15.424074163735078,1.6760456600512774,2.409715473047707,3.572420172080175,4.876549695613151,5.8904721392083825,31,15
v6_e200,200,HIER,toilet,310,0.9972973264517881,4.463709738991358,5.051848082616969,5.562436982067071,5.743356269203126,5.850224330209726,0.9772226707970039,0.9872863178932745,0.9923505283919776,0.9936124664365348,0.994258026075006,1.5882411861736698,2.4145074873606007,4.565465141532791,9.104686549408907,14.4717009702717,2.6931627653406527,3.425402827877086,4.5597179556703855,5.710555746447439,6.508258385606916,23,18
v6_e200,200,HIER,tv_stand,240,0.9633825310785573,4.179120869893405,4.805478867778493,5.660226079464277,6.06516693213386,6.212609818564646,0.9698377522436432,0.983762817404441,0.9930606932535184,0.9953660105735106,0.9960000148614373,2.41262484116403,4.459054214438927,11.661188558461415,35.4728552542887,74.21926574694243,3.708957744767096,4.846520764607987,6.537647195747654,8.50789841766204,9.32963688978023,28,15
v6_e200,200,HIER,vase,427,0.9690037032096506,3.5133601430168833,4.203077441950681,5.177622530791903,5.628613936638187,5.849081762957932,0.9421279541570765,0.9705413874367642,0.9887804882946717,0.9928386235803301,0.9942511639995583,2.5214211579614036,4.678677441428375,11.53701425169874,34.10332928213821,57.53117362511131,2.9438761090986665,3.9888232582191305,5.442548805863579,7.235904459856962,9.067379324513354,68,14
v6_e200,200,HIER,wardrobe,78,0.9790168432484818,3.8450968431009485,4.615331223270938,5.74103129486042,6.2126033528524145,6.212613540888601,0.9546301386392612,0.9803897111866869,0.9935975929643825,0.9959999890503314,0.9960000297208322,5.624223733927163,8.683013231236732,14.759236334636551,23.553873808060715,33.3692514119871,4.206625846618516,5.59181518842748,7.1327977146638295,8.077581311595441,8.83113506640233,44,14
v6_e200,200,HIER,xbox,93,0.9810401490878913,5.209775826697642,6.212589997521694,6.212603076342098,6.212611338140578,6.212615996065119,0.988694903216451,0.9959999357353506,0.9959999879464995,0.9960000209275625,0.9960000395218568,2.547141730308593,4.3254183553387335,10.076675890862145,17.81553321486561,72.50451681214436,4.828285368240669,5.873867996035537,7.533827028854452,8.570559490090032,10.434453578495065,12,12
v6_e300,300,HIER,airplane,563,0.9995088894731401,4.734669379275666,4.810414349645154,4.930707569908874,5.130852594771229,5.460760010990281,0.9825822908188204,0.9838426155079465,0.9856607655631142,0.9882464430877069,0.9915341812755387,0.5776650733879074,0.8547623852761324,1.75989023022058,3.8996178918316873,7.253873842882294,0.6760420303393029,0.9874444191632391,1.8951558020715342,3.3224085422180014,4.786950437368084,26,22
v6_e300,300,HIER,bathtub,95,0.9995764039170509,4.274824107778388,4.419524244323633,4.634548979090341,5.05540659161471,5.250443897610878,0.9725529203616936,0.976206521368412,0.9807658020380696,0.9873286181726592,0.9895629749153219,0.9560183132442998,1.2760475287862527,2.001093133295063,3.3928997492149553,5.048832208573109,0.8105043229473324,1.105575962588282,1.6975620450162587,2.6053641086764436,3.350863508810703,25,15
v6_e300,300,HIER,bed,463,0.9992072442791001,4.34699992420807,4.502438865145384,4.721493384595778,5.012572002894545,5.446509768007798,0.9744396779984275,0.9780790407772387,0.9823533389762406,0.9867804191341919,0.9914136693419505,0.9729790884114884,1.3945229136999948,2.394024118024856,4.663734572709301,9.064614881820901,0.8864652846421162,1.2542806672596827,2.034616894474194,3.3311348210244094,4.704898239775471,29,19
v6_e300,300,HIER,bench,156,0.9975786977208004,4.037319925587649,4.274973316378036,4.62972618369542,5.157714416937205,5.569697054273072,0.9652846647026025,0.9725566632701608,0.9806736975981809,0.988556024032151,0.9924056201941038,1.257723009887982,1.973305326131023,4.0212222324447575,8.787259470634368,15.640642656615029,0.9819493960334403,1.5148185084746864,2.768610461189504,4.482262504899031,5.531671938352015,26,14
v6_e300,300,HIER,bookshelf,515,0.9970169918672236,3.3610448776243516,3.6532964933546834,4.067052451457215,4.669157014786602,4.978636679131337,0.9329240525811991,0.9494970415215619,0.9663212445670979,0.9814139470626811,0.9863272321505903,1.5668026778908462,2.1927860058759556,3.555851671330934,6.1046035898947615,27.06556296931033,0.7207458268137732,1.0551550363292308,1.7167617225444751,2.7905472554665387,5.626304345483255,30,20
v6_e300,300,HIER,bottle,301,0.9981989005951629,3.563949172605774,3.825971726485038,4.121225739427133,4.638057930179231,5.087253265418694,0.9449071285246488,0.9573354804014661,0.9680688405746785,0.9808325299329235,0.9877258770200352,1.28576441584107,1.9130454146692053,3.3671778898361087,6.733299990684962,15.935487375964692,0.6405500806139042,0.9648215639486936,1.7079903008220128,2.9681055175255997,5.247758640682151,28,16
v6_e300,300,HIER,bowl,58,0.9989162814713223,4.2337106638455575,4.403724288604258,4.555455606083873,4.786378029890736,5.031528891495852,0.9713221732741737,0.9758318573313861,0.9791991868474096,0.9834519437210213,0.9869752705084591,1.1121022990166116,1.7136721917987907,3.2767345879199894,5.5281123861912915,7.774731503357242,0.8756562226844454,1.3429586294111087,2.264655334859253,3.296955504207842,4.088220363567824,13,10
v6_e300,300,HIER,car,177,0.9996541543663044,3.9961678800700335,4.075186251861769,4.209316905145039,4.361939119039018,4.5556805702761345,0.9638918557612879,0.9665894982511186,0.9707219432775287,0.9748139006110857,0.9791828456962852,0.8935301573270927,1.1761207102172135,1.8012539432656136,2.9348653476193247,5.177019669251889,0.5109757558519301,0.6761211131126768,1.0165190969316589,1.6099958261521858,2.732841639499612,26,25
v6_e300,300,HIER,chair,800,0.9965941279018333,4.158228021920328,4.592752549464453,5.1127423648263495,5.634020324755948,5.9329395929884186,0.969210911461936,0.979953053465298,0.9880329055192774,0.9928770962067213,0.9947126559607267,1.2627590972041756,1.90421584949194,3.5716845211246673,7.009403793978878,19.47840749466161,1.4973588542879561,2.209359973223474,3.3761132734050787,4.61904812464562,6.059104567168346,43,20
v6_e300,300,HIER,cone,150,0.9997558292377837,4.207246239714332,4.31874522274159,4.444190489914317,4.638623997835177,5.233559482436733,0.9706619235847097,0.9737168335441305,0.9767795319350416,0.9808432320920094,0.9893374194212329,0.6001940279453081,0.9099240756784777,1.4760286454635572,2.617407573820648,3.882668790719713,0.444985903930661,0.6585472060616661,1.0603811766271887,1.9168794411307786,2.956909253998959,18,15
v6_e300,300,HIER,cup,71,0.9991412875085832,4.556743507719917,4.7633675607074055,5.057320087691067,5.255069702453426,5.3486725412669145,0.9791896557044529,0.983070895192204,0.9873552774323282,0.9896122694300769,0.9905360748820964,1.40024952980636,1.9015185738617355,2.9944235464377225,4.711274324817457,6.596098324251204,1.4598019867616066,2.0429429965054977,2.870874878223972,3.7739492790427,4.440110839963081,18,12
v6_e300,300,HIER,curtain,123,0.9996522503214763,4.12833114098525,4.2303540820270165,4.380444792167835,4.7635223790797925,5.206162266559304,0.9682905983277128,0.9713226908492208,0.9752700365593325,0.9830733907396566,0.9890915650538287,0.8004825389653644,1.1252074360797355,1.780820860071867,3.0769555541455778,4.909197488467498,0.5554559583938072,0.7690870119461828,1.195034143480807,2.3051174470508755,3.298410152822067,29,21
v6_e300,300,HIER,desk,180,0.9977740754934126,4.013560261810844,4.293497038503959,4.7956521988020295,5.258370120184057,5.404032258333654,0.9644775811176332,0.9730536938662425,0.9836040825602553,0.9896463195736485,0.9910426446419112,1.3321251386742403,2.0014700323076293,3.818421656474743,7.731944632778689,20.2914005576819,1.1150179110467364,1.710037479543195,2.910899582384884,4.459885457914724,5.8672884606187825,20,14
v6_e300,300,HIER,door,98,0.999361634395913,4.050784428270902,4.2026402223000785,4.472875175449333,4.725144961338485,4.983190280058173,0.9657715971519961,0.9705284677631104,0.9774286348489605,0.982417057667692,0.9863887830212289,1.0506219288062157,1.392551780684773,2.1128383685486076,3.3587128677624865,11.495071383358304,0.741851592139179,0.9753137469554977,1.4950108164399774,2.2712062588005013,3.826478093904562,21,16
v6_e300,300,HIER,dresser,180,0.9632908937615934,2.4660294669927096,2.9163628459837097,3.5578526200460567,4.170025905547194,4.426559732935475,0.8433944978816171,0.8972987697919448,0.9445789219079415,0.9695651998167035,0.9763628277338242,5.4231895570906685,9.725361605970486,18.755653294752584,32.95991081650218,43.96924829710597,1.60970547574253,2.327562840889296,3.4994707987530598,4.700204702698605,5.810048351226641,25,13
v6_e300,300,HIER,flower_pot,134,0.9754842665206962,3.9486165576886396,4.367752221763195,5.06512700881646,5.484405263644479,5.5721730111592285,0.9621485085520021,0.9749580762430585,0.9874528276170358,0.9917323090215083,0.9924224256744769,1.6652733827330406,2.7677581810526033,5.427134064919468,16.185689636829757,65.62000748986823,1.8843074435288596,2.7040438536176623,3.9783877953684583,5.71669707574924,8.817597047810969,17,13
v6_e300,300,HIER,glass_box,154,0.9732383979219889,4.063488249310104,4.177648537022607,4.305587274200963,5.287406477468681,6.212606251498073,0.9661687435281643,0.969794106324804,0.9733733090790211,0.9898854460467278,0.9960000006217384,1.600867402400038,2.152040300486955,3.5688971309719495,24.841190405574267,88.44656586104799,0.9259362676862292,1.2513799121667375,2.034087170589219,7.360123289384038,8.18388655505145,25,19
v6_e300,300,HIER,guitar,139,0.9996958578716153,4.515916059815434,4.6051451844321685,4.759190904287143,4.94508489357513,5.221722560994067,0.978367722382352,0.9801975289523364,0.9830006425166479,0.9858640035125587,0.9892616719783217,0.7148695728168718,0.9958938551063669,1.6765544261540666,2.9241447553940856,4.330404082973136,0.6995098107312007,0.9661273689089682,1.5748639089747198,2.5119343132200864,3.2933224255725735,17,15
v6_e300,300,HIER,keyboard,131,0.9963716230586336,3.9407033741061253,4.327877891999829,4.501666827629441,4.675775199816509,4.900822849973305,0.9617380988577607,0.9739526678594346,0.9780623094919308,0.9815354605087765,0.9852285940137384,0.8398382302474339,1.3043943751859184,2.8366650384995844,8.074814215153172,34.11760268437016,0.6503820384143221,0.9961379518637808,1.9245957760030936,3.725602735434369,5.917840543872351,12,12
v6_e300,300,HIER,lamp,112,0.9971642794393833,3.975649325595497,4.147876958985257,4.47438650590399,5.073586790919119,5.379055889811024,0.9631570030346961,0.9688950099024838,0.9774624397436922,0.987557254622053,0.9908112305428013,1.191171860461713,1.6715795884347069,2.8892868567232988,5.261226734906664,38.63966076434223,0.810377710932023,1.1668682078612669,1.9369572263603665,3.348566172210708,6.95862441095327,19,14
v6_e300,300,HIER,laptop,134,0.9991998046451475,4.146139159713481,4.240892362836226,4.356134660675076,4.584521699977532,5.058234959704697,0.9688419720683356,0.9716190394526442,0.9746691884355079,0.9797870830704772,0.987326936599783,0.8628784411770231,1.3187503026218925,2.3666941033382902,4.531916532831095,10.784257552616662,0.5832618847664935,0.8780064883543522,1.5125743867706058,2.665212167375497,4.417467232677301,17,17
v6_e300,300,HIER,mantel,256,0.9852129348619444,4.276127735050907,4.771067741547808,4.893672820857624,5.028061953665116,5.281564028476942,0.9725745518973693,0.9831996560469184,0.9851237827090886,0.9869822877556629,0.989881550448257,1.002246074802979,1.4791524086127505,3.0142861005886346,8.5116420884214,57.01388240584163,1.0965583528970602,1.5592819221018837,2.681985868243392,4.783646882520926,7.8503323558188844,18,16
v6_e300,300,HIER,monitor,419,0.9797360386146736,4.23283437033857,4.39646000478025,4.589047398961662,4.895338103494442,5.226536382434709,0.9713927179232934,0.9756580952257853,0.9798794070127815,0.985147992540106,0.9893131957164311,0.7795681290195383,1.0486195480502065,1.7086516827412666,45.73244341756376,52.614720213203704,0.6370159201309116,0.8666118842900058,1.3802453801247634,7.28656855478105,8.165382475915107,25,23
v6_e300,300,HIER,night_stand,180,0.9748156996142666,4.447331017758262,4.850203725896608,5.134735660132465,5.3974340417401585,5.502959080689006,0.9768237717732324,0.984467865602096,0.9882916814398945,0.9909844301069958,0.9918835073712424,1.7967934299374915,2.930968264168113,6.479020736764098,38.50371190033466,50.76527237844162,2.0965309989408043,2.935339460584685,4.4824918255269335,8.092034983768789,8.744801656979808,14,14
v6_e300,300,HIER,person,79,0.9997907500712564,4.286181649796021,4.396440718172215,4.55419591202283,4.718605487940839,5.0412713304372865,0.9728551929746893,0.9756576061758979,0.9791732426664599,0.9823024236762994,0.9871228940909669,0.7414424057731409,0.9650088734959804,1.4394962378020084,2.3777542789013553,3.243563894278972,0.5859020535082414,0.7653465643104705,1.1322619468165367,1.8996089552284738,2.5671648230679143,22,18
v6_e300,300,HIER,piano,208,0.8832514653444864,4.062429201768599,4.23402998904841,4.432355783310964,4.816083940105289,5.16769612028618,0.9661673230313258,0.9714264068081474,0.9765063458655252,0.9839332373000018,0.988668600233419,1.1173638957279353,1.9703338133795516,11.79930891568852,59.07083051719791,62.029994533862364,0.7734433022608422,1.3534608237078913,4.534219745071621,7.7013075469561585,8.158113853419483,18,14
v6_e300,300,HIER,plant,215,0.9884766703153782,3.113874942900928,3.3010069111557963,3.577421991390535,4.1424956843094645,4.930099364182882,0.9149228977710294,0.9289266676931864,0.9456243620414322,0.9687303328375776,0.9856232690907251,2.0266894306269974,3.5055495729015584,9.05711080012607,19.80345525362509,29.55869966916101,0.6137176127727909,1.0598408100052061,2.3980209246999484,4.091948797647675,5.323845353197404,14,14
v6_e300,300,HIER,radio,94,0.9585264719120574,3.589031372436504,4.057543995143874,4.658418062502534,5.197342114295452,5.479581682786438,0.946234934702908,0.9659992112887164,0.9812139545752018,0.9889983534309841,0.9916904746208703,1.77621212820022,2.59247839540533,5.387552398351092,53.058604004031196,63.92772419119855,1.22204529503065,1.8768180051377765,3.260562501910518,7.709983884625806,8.508599700513477,22,13
v6_e300,300,HIER,range_hood,103,0.9882788040718491,3.8231185591680914,4.022817894148387,4.209848745815104,4.461949369680577,4.5836686600623375,0.9572159808803332,0.9648248268785725,0.9707372826307173,0.9771833139483524,0.9797715607814632,1.1725632360415232,1.9065855413059296,4.297619001530504,9.657076339091784,54.47771547994862,0.6957993008742414,1.0563515886782593,2.1137461334289407,3.6100381554148164,7.165517396598533,15,11
v6_e300,300,HIER,sink,115,0.9887100949849443,4.223377816954972,4.433639372373797,4.776526054789471,5.422097501437702,5.71978090478398,0.9711248347069056,0.9765361238735424,0.9832903485794171,0.9912020341429524,0.9934604819066104,1.1741636743516481,1.9238244526056423,5.717813785210176,20.721273970471927,23.702208798764094,0.9833858415477829,1.5920179198846072,3.9342205788767326,6.547081628943274,7.037130365725604,15,13
v6_e300,300,HIER,sofa,612,0.9992848804407959,4.163811297515372,4.364069063920187,4.600102067566027,4.898820653288151,5.23327980004378,0.9693793713980673,0.9748668621637951,0.980098404080016,0.9851995921095155,0.989383270695105,0.9503619734167594,1.3478895076956348,2.2932592319456724,4.12466101521091,9.124404925872081,0.7816383148396133,1.1150081528554023,1.8014332284768995,2.818025541299301,4.113623918782983,35,22
v6_e300,300,HIER,stairs,112,0.9993794635050625,4.314786840563724,4.460964759082769,4.584208625578327,4.761815858020178,5.090315417322736,0.9736125939663486,0.9771613711582998,0.9797827891000119,0.9830447985124443,0.9877629362029063,0.8497830697415127,1.23823550997396,2.2452222073499604,4.318167006359992,6.881041893997618,0.6968326072069753,1.0198237456060095,1.7282277918081907,2.867585666930844,3.9752322809119796,14,12
v6_e300,300,HIER,stool,81,0.9972259055496474,4.231530947100195,4.488491484888414,4.813947244500978,5.344741891594358,5.496051728071594,0.9713521742411299,0.9777745936630858,0.9838991476878323,0.9904989839984406,0.991827651891194,1.4312484199918079,2.4823786596109065,4.900261516456604,9.246239982264088,13.743775985911006,1.2243333778424013,2.0303712429111602,3.493628304398025,4.920821735907163,5.937012078082899,14,11
v6_e300,300,HIER,table,353,0.9887728548057231,3.6471869300562063,3.9844803263051958,4.386940766035855,5.114754087117342,5.4257364333246905,0.949194568369485,0.9634752157654856,0.9754281938353667,0.9880566071759397,0.9912273639191347,1.6902123699377427,3.1371183035439723,7.568266940030605,18.436525851449606,35.24571559889527,1.104404622377288,1.9051319218114433,3.5981512549038994,5.385618660738456,6.516596811897934,16,13
v6_e300,300,HIER,tent,147,0.998819536189857,3.810655329305488,3.92292573234344,4.09236577230532,4.422818383384431,4.91624344214271,0.9566860192682345,0.9612007320249187,0.9671492388702558,0.9762826324517755,0.985389970016834,1.120258819461264,1.738498931812556,3.184069389611193,5.629467851291047,10.29817451809798,0.5677237559018332,0.9143393981818657,1.5714446468175114,2.5695363534030697,3.783275233460708,15,13
v6_e300,300,HIER,toilet,310,0.9995547628540812,4.599458616675413,4.744057686569521,4.946575418772414,5.217234096238472,5.301753623458466,0.9800857146805882,0.9827436664543873,0.9858849021668932,0.9892138736148023,0.9900837055772148,0.9410439735487437,1.3268490311825383,2.1021235329686507,3.4347112674008136,4.934251178539765,1.0680565078274122,1.4794011681591202,2.1801763209046277,3.0849181053399186,3.8191279339464868,22,19
v6_e300,300,HIER,tv_stand,240,0.9860009551137549,3.7345523763614024,4.200536519102616,4.930077664164621,5.292420558037338,5.48035559247855,0.9532719928910448,0.9704675230298259,0.9856517948968224,0.9899911949448437,0.991698423849325,1.5908941500977671,2.3620148049061274,4.520699463929933,15.399045060754863,50.60662408789757,1.3403743110630695,2.0920934773830835,3.346117891162203,5.633376404779696,8.175401133571869,30,15
v6_e300,300,HIER,vase,427,0.9857242454677319,3.0805557839424678,3.3887403036623303,4.053255469853178,4.89379694562273,5.316896641847551,0.9121647565122154,0.9347015512431712,0.9658613456063831,0.985125488584075,0.9902308057095675,2.0887333810087654,3.339019519763449,7.398096252600489,17.787926809434197,50.4348380785249,0.8119950960994148,1.4782382196826303,2.8996419526635178,4.644698810122101,6.97038572722952,22,19
v6_e300,300,HIER,wardrobe,78,0.995672230571435,4.0645382115872195,4.331774635429529,5.227219738849869,5.71392523917943,6.025480539340502,0.966235582633134,0.9740526460108643,0.9893200346076444,0.9934216376154514,0.9951676647715899,2.664214044029844,4.128922551557823,6.9384578861914665,10.490378547528353,13.869154265198146,1.8454249648946086,3.019808853282097,4.820692730457782,5.712587427328639,6.3771515635464855,38,15
v6_e300,300,HIER,xbox,93,0.9868084942810175,4.017612882263294,4.203154431163598,5.071909980788045,5.4577825782875395,5.782926287660527,0.9646390656538208,0.9705435137573911,0.9875372820471734,0.9915101778244921,0.993816388193877,2.6676999864789477,4.011615196095748,7.529423071796028,12.573329413159735,75.5006319559202,1.9223429375452499,3.050822131387998,4.515598581624455,5.79132801102107,8.93000768631644,27,12
original_best,229,HyCoRe,airplane,563,0.9995535292771712,4.2952349507447325,4.477782073580419,4.584380108521109,4.716035852284561,4.86227762326951,0.973099772509309,0.9775379806109707,0.9797862302129535,0.982257621035489,0.9846529043958949,1.0540607183906643,1.4012323028022622,2.029351177788563,3.3526160790529653,5.72973251652088,0.8709521319369194,1.134913552546494,1.596574972448238,2.273798338224569,3.1489818724766843,38,42
original_best,229,HyCoRe,bathtub,95,0.9986590169547309,3.9000927297775663,4.567427178586362,5.05844512711885,5.304104426737611,5.438561181105487,0.9602876412454884,0.9794441698340028,0.9873694054547607,0.9901068765318038,0.991346138111903,1.5633797651303518,2.1081688139559733,2.9912148241809238,5.663985127845843,13.928039379114775,1.9732786299264116,2.367104993740082,2.861921258507019,3.7610159639756913,4.92702546479568,33,27
original_best,229,HyCoRe,bed,463,0.9983721334175423,2.662763142966017,3.967991925990252,4.476250399485385,4.773684219549612,4.922354849040002,0.8693685638837563,0.9628792063181884,0.9775039375576362,0.9832431917076506,0.9855413193066486,1.4001858655798747,1.8234545000004214,2.6464352639320454,4.599445710911816,17.200489955297034,1.0334686699194335,1.3167775631105252,1.7615837079773704,2.446772564942315,3.590654714054512,41,34
original_best,229,HyCoRe,bench,156,0.994808751848573,2.0063740447348275,3.5449110279560685,4.6478286086589335,5.250548951209491,5.532224154270749,0.7604106080118063,0.9437963220365578,0.9810171220939066,0.9895653866542744,0.9921156290913251,1.847171357526897,2.6193282266533973,4.045383868247491,9.623788320493848,42.32166150109547,1.4904328848065407,2.070006870911349,2.782085135897974,3.6891980495821937,5.184253319197126,58,21
original_best,229,HyCoRe,bookshelf,515,0.9968101574208006,2.958687584595003,3.9795279121881086,4.404760616446774,4.628376943692664,4.841134506362151,0.901307909527554,0.9632959957669069,0.9758569425698834,0.9806478309302983,0.9843275603003002,1.4710469384420433,1.9686968066107442,3.0229625643276483,6.780736680218568,29.225934270014214,1.0201413893159204,1.3357405351135603,1.8824552428114842,2.8554558814737083,4.461389552026437,34,28
original_best,229,HyCoRe,bottle,301,0.9972451792719317,3.2729799895562075,4.463224410062259,5.224823553200666,5.4845833935940105,5.704081234557448,0.92698028678014,0.9772123478594231,0.9892949881986081,0.9917337795039691,0.9933574599545705,1.33573843656073,1.9627275596663987,3.3403460389054134,7.0967061308079336,27.609645085911872,1.8210084063813627,2.3902206921962117,3.307108580636978,4.36067193994846,5.429544864366025,70,23
original_best,229,HyCoRe,bowl,58,0.9978300752524766,4.026794588933391,4.693145802742446,5.610000644684605,5.742279408136153,5.828463578403477,0.963778772262037,0.9818448152859467,0.9927041949055492,0.9936055537233809,0.9941320645920173,1.3463511099106755,2.177123083927123,3.95723277705848,7.99237393012972,14.502833129835414,2.4435096457176146,3.186022113542646,3.9313203964175103,5.211459783209656,6.231015885681912,28,18
original_best,229,HyCoRe,car,177,0.9992063856206735,3.7220211892340562,4.293440905919801,4.780846942790728,4.919348157646442,5.085925030161381,0.9527497341765425,0.9730523317596447,0.983361794003086,0.9854981186402593,0.9877096025782176,1.420016243916611,1.8152462753512164,2.498175692730018,3.764833389729383,15.155641894383074,1.3423754786152806,1.634237731353124,2.0551790276926787,2.5980110022675236,4.126542694321209,34,24
original_best,229,HyCoRe,chair,800,0.9987262968389028,3.649755380616382,4.056667137788529,4.325845989923515,4.543583277168675,4.712953711293473,0.9493224480495488,0.9659756123949986,0.9739003797730994,0.9789533753015146,0.9822033411870986,1.4135541011078223,1.8807082581778551,2.838522707173386,4.894716226028416,12.70231999890017,0.9132290402546898,1.191655138345843,1.6801222844492534,2.4433141303468138,3.705202591907309,65,38
original_best,229,HyCoRe,cone,150,0.9951736539797789,4.4408292427217715,4.835066998369075,5.008738474585414,5.1158829173288325,5.207664069949562,0.976696410155577,0.9842329593636953,0.9867299845785591,0.9880702317811203,0.9891093884087716,0.8264237790080425,1.497838233315987,2.2899763332260084,3.6724464854256733,68.96506235192301,1.0791823059410066,1.7519384916368776,2.387391282161441,3.113245773676942,8.232792999875082,18,17
original_best,229,HyCoRe,cup,71,0.9938410038060982,3.270033658460054,4.2364881910035646,5.4187408183393195,5.776768433938559,5.861393806593975,0.9246050389238427,0.9714955699578587,0.9911736751866137,0.9938217188372591,0.9943213364444081,1.8358128469189907,2.877703705366724,5.8327343723094645,14.505152989464579,24.382824126056647,2.3597082434119137,3.490568066624809,4.494263139938033,5.8130896658397155,7.046529475689403,25,19
original_best,229,HyCoRe,curtain,123,0.9893076930712735,3.3287423982136226,4.07687006679953,4.927125596113589,5.305714559436231,5.420908315026406,0.930797260870058,0.96664230604336,0.9856096809270901,0.9901226625978631,0.9911926997068583,1.5098064830927993,2.3121900396662327,4.625585591283261,22.128660812072365,36.76972071345714,1.720979362109366,2.2984588601317637,3.3007488537700884,5.675686859711466,7.286566796591231,39,19
original_best,229,HyCoRe,desk,180,0.9938340167269503,3.2802678848542945,3.831244752808811,4.658173437940807,5.114797090647832,5.422036633218082,0.9274909371616372,0.9575550157146047,0.9812105747253108,0.9880567475958613,0.9912016373800121,1.7336149309376188,2.429918265063566,3.9303660676081726,12.185693837605728,44.27073529190908,1.5014694489222145,1.9305780665280867,2.727575066170317,4.116565517070503,6.4918845047395175,32,22
original_best,229,HyCoRe,door,98,0.9967664763409029,4.498462189368512,5.139498140133713,5.430745414696437,5.566688594607181,5.649516920250013,0.9779295648383933,0.988346200454604,0.9912785154569612,0.9923828540664611,0.9929861411303279,1.1906299714975601,1.6061080174610163,2.545444003539784,4.682077572451245,37.94377323595287,2.0035901746011366,2.5104002725359518,3.2445100637575246,4.2339181995338935,7.687972308012183,20,17
original_best,229,HyCoRe,dresser,180,0.9779764823574737,2.5140053270500964,3.114617088195443,4.0918748347176255,4.730692712458736,4.95141551894064,0.850233664756223,0.9149833477691094,0.9671333374273153,0.9825134773338587,0.9859468002874362,2.1654602936042733,3.3989236825945244,6.782387256817323,31.098216878927342,57.90764613650579,1.0632069172325087,1.6862717363113242,2.661954760732714,4.9444685997162425,7.539451837688033,23,16
original_best,229,HyCoRe,flower_pot,134,0.8426809327217203,2.330657591254149,2.966951071792237,4.047615626269705,4.889768915789307,5.3073436678673165,0.8218302468339016,0.9021170596796397,0.9656672623898391,0.9850654930050167,0.9901276951262694,2.917770942022596,8.392300889324833,40.275821119164945,68.38814667145334,73.94066433700203,1.447023343242746,2.559811631286348,5.628451814953017,7.904781939212967,8.909586053715614,20,12
original_best,229,HyCoRe,glass_box,154,0.9964270811889376,3.4270164227023105,4.192308998696838,4.790405030724958,5.1345896086230525,5.6073052206569045,0.936969254542287,0.9702255447241125,0.9835187375684011,0.9882900293117169,0.9926711281428992,1.139572284564351,1.659172525028387,2.732529371216817,10.967981056492356,26.396826237018203,1.1103274765477986,1.5667804366862206,2.2283948274458685,4.406618976308183,6.602394353203446,28,20
original_best,229,HyCoRe,guitar,139,0.9996479598177276,4.959513001163369,5.104960793023384,5.24170990005949,5.371131053795607,5.4791466922931145,0.9860646428299937,0.9879399321263891,0.9894732955754107,0.9907452743430504,0.991688901913136,1.1415583981901563,1.4507385826513346,1.9929200952741053,2.8793011084725486,3.666178038720611,1.6561660707963162,2.0217504274366944,2.5533118450817947,3.1385851787628907,3.507629498211673,22,19
original_best,229,HyCoRe,keyboard,131,0.9977112146339394,3.3112707412610654,3.7146499825707853,4.432741129053986,4.840956035698549,5.1509068080462725,0.9296227399170933,0.9524310338697545,0.9765152918925888,0.9843248295056233,0.9884633880663891,1.4571256857022694,1.9332594178385452,2.9015915484286183,6.738173881666745,22.19151560514575,1.0181450217644998,1.3971615013240208,1.9260212866301074,2.8356978128547103,4.598578838412647,23,22
original_best,229,HyCoRe,lamp,112,0.9976375776601292,4.024107424625546,4.459561601822312,4.922493335434103,5.2143886269349045,5.421858062438895,0.9648688160693555,0.9771296237809487,0.9855433400909999,0.989183298131711,0.9911995474974935,1.7077915346920467,2.402492064768965,3.6712607170334417,6.063678155354468,25.67458285585841,1.826336186304594,2.3387404835098025,3.0641538147306466,3.908672996498208,5.947555578308823,27,23
original_best,229,HyCoRe,laptop,134,0.9989133517632559,3.5353785310600228,4.296990206752326,4.915439835293656,5.272593429066863,5.393441880798193,0.9432907850261836,0.9731465385915,0.9854417507761228,0.9897916816868234,0.9909484050431675,1.2090290423943877,1.7592751955907462,2.6775501611776997,3.8343120617274495,15.299484647498229,1.38060634274221,1.8002834089521775,2.405542437246093,3.009493016406256,4.375129624792014,24,22
original_best,229,HyCoRe,mantel,256,0.9739694710173527,4.340893086853213,4.697561295360597,4.881094891974698,5.047765551361698,5.443230398597274,0.9742850078266048,0.9819297455391498,0.9849369075002787,0.9872346312411049,0.9913860177953613,1.0437722805964937,1.54002451749417,2.336323360879436,4.662634735783748,82.96495478091272,1.1312736313560445,1.5950162521476807,2.1824852457837123,3.310230213029608,9.568068735007243,27,19
original_best,229,HyCoRe,monitor,419,0.9996406096646154,4.106052247250367,4.341814319650614,4.5175016830670485,4.66339694366425,4.851124828433591,0.9675862818858939,0.9743084768018282,0.9784032321513114,0.9813076307020155,0.9844821248078927,1.0923211734903024,1.405541899021671,1.9631393848338141,2.817773753398766,3.947375775001199,0.8516860507705687,1.0755932128210206,1.4369335240658356,1.9273299850791172,2.3579774885341376,42,33
original_best,229,HyCoRe,night_stand,180,0.9927356921730428,3.2328044232573485,4.096189492401113,5.077847665010007,5.418083701592095,5.6181141023754275,0.9240959881540816,0.9672565825675269,0.9876103349065385,0.9911678862060601,0.9927631876469744,1.9490660886781561,2.7440797136620665,4.703585042339045,12.573756625911667,57.88256419741263,1.9782736135221164,2.7219419763130226,3.6167251967196785,4.937269600096715,6.820524373844314,74,21
original_best,229,HyCoRe,person,79,0.9990369040622419,4.573526933142929,5.252213041012061,5.402123209249916,5.473036159947857,5.518839961302596,0.9795650519129084,0.9895826940562407,0.9910264409052475,0.9916381625417594,0.9920096916201281,1.2191897528748104,1.6299237622143792,2.4664542627927837,4.1218994844310695,14.119156967976396,2.0105057157024113,2.4691929642020463,3.160142533648882,4.121511054811686,5.743776187508811,22,21
original_best,229,HyCoRe,piano,208,0.9973628539575516,4.293078418763073,4.572679236151704,4.803746746988788,4.970189872079187,5.143348057445699,0.9730425992402536,0.9795506888595137,0.9837354122085731,0.986211991371957,0.9883908852641284,1.3402881120916033,1.9489435706079892,2.6915231317782116,3.4847910207623265,4.937192550053791,1.393475982361572,1.8296409281566162,2.288509597064146,2.693728293174049,3.2739995342339165,23,23
original_best,229,HyCoRe,plant,215,0.9946974764970229,3.6143759431384823,4.422218261046378,4.80258654251126,5.0513408958236425,5.4112354594469085,0.9475451679098429,0.9762697888758568,0.9837166854633157,0.9872798910922552,0.9911039477539837,1.6119581977153732,2.1455214127172146,3.2806817825950034,12.916251833478022,32.7797540206407,1.5943178265754645,1.9893339595761945,2.577462101186996,4.806121721738971,7.313708663161337,54,33
original_best,229,HyCoRe,radio,94,0.9803744509898711,2.9671840113707244,4.4308924925524975,5.70670567400532,6.072457237719871,6.190756804649893,0.8975974688676628,0.9764581735055107,0.9933747342152667,0.9953990319588454,0.9959117491503637,1.8902913426469423,2.7359541572383055,4.76055601107784,27.318687936101767,63.970195955927714,3.195007853402032,3.950632014304031,4.834865078658086,6.593271576452946,9.096971027156032,68,20
original_best,229,HyCoRe,range_hood,103,0.9982312160909982,5.0815667808403076,5.240833328914441,5.473817577744317,5.597286187802497,5.697682819603378,0.987656287816503,0.9894640502002074,0.9916446799229282,0.9926115685024536,0.9933148383617987,0.9823810541220214,1.644774566439984,3.1175797466807955,8.230437101854024,9.80957560578767,1.8324963327477628,2.596581297304699,3.637550619035505,5.576645917500899,5.998509261104575,15,16
original_best,229,HyCoRe,sink,115,0.9989435874428994,4.143214284262459,4.941880223408581,5.349253145109995,5.604507208061632,5.7765510943558205,0.9683207194943602,0.9858172765218093,0.9905415467107934,0.9926644620423111,0.9938202000791672,1.6861869253579909,2.322645679339366,3.21670305759813,4.57834620211136,8.963366627480871,2.4791896480454856,2.983445241765047,3.5349568515330945,4.1731506424415645,5.589691763029314,41,27
original_best,229,HyCoRe,sofa,612,0.9994556428603806,3.97720902305087,4.183477420686479,4.349976192363181,4.467067208236895,4.538328658907513,0.9632132780917867,0.9699670629332948,0.974514702002185,0.9772987561147397,0.9788436671188286,1.322333410405508,1.7025587956370352,2.383849326671526,3.5459720234916507,5.196614418102763,0.8842903204014725,1.1098292421919238,1.469367412796088,1.9611643519847606,2.497382559132771,61,63
original_best,229,HyCoRe,stairs,112,0.9994376688398908,4.1438010322674925,5.073260235661776,5.295241563688236,5.502661281122493,5.567871169973929,0.9679904150030434,0.9875539938856682,0.990019248332445,0.9918812655863026,0.9923918449746609,1.4056070420427256,1.8112615404203058,2.46407019590505,3.4256449339586528,6.080392788803046,2.103029477450673,2.492336586042273,2.9731444241369633,3.527979945240263,3.916076072972054,29,28
original_best,229,HyCoRe,stool,81,0.9750470669199821,3.71679840036537,4.2903120544162245,5.29195161194298,5.574883265992386,5.671331269340726,0.9479505207050049,0.9729690430960779,0.9899865265097929,0.9924448122497068,0.9931347468145384,1.7789755737449033,2.4846622720937854,4.12783761304477,10.259727991998583,77.64641448926628,2.445119223412109,3.0370065253502196,3.795787031479523,5.190763682325127,8.67671015860469,40,19
original_best,229,HyCoRe,table,353,0.9880502273720294,2.4054297557893762,3.2593833339896428,4.292875518816189,4.692267101529639,4.9396422525184045,0.834480395831952,0.9260175017476568,0.9730373142877425,0.9818347289077347,0.9857823365032368,1.778769692058835,2.521422367127877,4.522552455844964,17.34134863906885,58.094856007156125,0.9677376785438637,1.4777198951222918,2.2439521448753537,3.9343392664588643,6.442234134368975,33,33
original_best,229,HyCoRe,tent,147,0.9966034154784366,3.2269709786229166,3.9359430703191762,4.8195290263998105,5.117134053256037,5.226180498075602,0.9236675445302441,0.9616934330675161,0.9839880512742913,0.9880850589711715,0.9893094188599326,1.6619120788754969,2.3636605901348595,3.3634593047572885,7.816957756715612,32.5066409426741,1.4760610625919728,2.0067477901028536,2.5621771674164915,3.60236670910566,5.27203176554043,48,21
original_best,229,HyCoRe,toilet,310,0.9995113358146671,4.209011120148207,4.487162741885821,4.741612390985496,4.9381515218330065,5.114784958460535,0.9707130026720749,0.9777453700840963,0.9827017838999492,0.9857662999385625,0.9880572045107727,1.284691335437787,1.7081205058380882,2.3600425696245826,3.3167233051348406,4.435940978437521,1.213760653602936,1.5390536574517055,1.9953348663478248,2.477271573979666,2.964242413412163,34,28
original_best,229,HyCoRe,tv_stand,240,0.989151039541548,2.7426128909370995,3.5381476782258674,4.650578549868943,5.2440426988534075,5.611833019847264,0.8789894497607138,0.9435012014701581,0.9810687620232996,0.9894976395422042,0.9927171791602397,2.1347927474851023,2.8462394120049126,4.510544126486377,10.905050224380211,62.71035882230174,1.4034794968011775,2.03294298880234,2.953552062131428,4.068333158247612,7.116331515103749,105,27
original_best,229,HyCoRe,vase,427,0.9913847714599998,3.3104372617658995,4.329729111597595,4.765098126266751,5.143585687961903,5.476659049317106,0.9295610339570329,0.973999709698506,0.9830999194363101,0.9883935697838839,0.9916682153163522,1.723563223013419,2.6822473265081053,4.812228558281408,12.765472213221146,45.36839267494406,1.5323833683651675,2.256381612054093,3.3044980094980207,4.808692300390811,6.882445496960669,48,24
original_best,229,HyCoRe,wardrobe,78,0.9822037647697265,2.8470125385183063,3.8377075798317697,5.037603518847279,5.521665727807958,5.680655729318674,0.8897759765461708,0.9578081877244037,0.9870941443449036,0.9920331945209415,0.9932005105433305,1.958809429273408,2.741088989803589,4.935514626604783,19.151994587671094,63.465634389160094,2.0446014291711316,2.787940975203105,3.619078492837623,5.156335369509076,7.880397998099522,48,25
original_best,229,HyCoRe,xbox,93,0.9860293221788408,2.7284419789867216,4.688360371161907,5.355292246230597,5.580447157754617,5.65893026705096,0.8760003500396631,0.9817603401669687,0.9905982274268602,0.9924865560520619,0.9930486648438046,1.1353524349514927,1.962663407883374,3.3439743806337736,12.624593531004855,64.27765241076314,1.8868373710867585,2.7821811871439364,3.6636639523823926,5.529675394871123,8.78873061337985,32,16
original_last,300,HyCoRe,airplane,563,0.9997560430800035,4.060646140735066,4.1318467392411655,4.20379125840026,4.286872214125968,4.428397526660182,0.9661083857780879,0.9684008564265026,0.9705621031096577,0.9728771628354064,0.9764142431746181,0.8595656540460481,1.1293367228109337,1.6811170610442812,2.3572610457997807,3.08919662690483,0.5030805796498933,0.6538375181293629,0.9515039081220574,1.3040131305254625,1.7172712857834846,39,40
original_last,300,HyCoRe,bathtub,95,0.99929786458403,3.145294700174061,3.680422417143232,4.455018630761729,5.042902120120658,5.265982235892995,0.9174179776995953,0.9507935377453244,0.9770267448375178,0.9871727489356432,0.9897243907457546,1.474764955454584,1.891908309822791,2.5874512980586983,4.091095096113283,7.13311092651867,0.8331205790788659,1.2848214825095343,1.8459338133358583,2.481381230482517,3.039996994650411,41,26
original_last,300,HyCoRe,bed,463,0.9997764302539321,3.9602311375992296,4.254133911489311,4.416896825028282,4.610870859949354,4.852847684219256,0.9625950575974013,0.9719870959462205,0.976144703194439,0.9803094712012318,0.9845052419459651,0.9068947905301069,1.1574249967802832,1.5454265559357272,2.1596491723304907,3.6100075893995727,0.6429247091837094,0.8063311268636061,1.0801157697088206,1.5266125645011692,2.1034037954638585,39,36
original_last,300,HyCoRe,bench,156,0.9993079129987724,3.075861099612579,3.9425396976195923,4.852567819069231,5.1769631863065495,5.284373391405757,0.9111432732600276,0.9619404933714315,0.9845043503777253,0.9887731281861843,0.9899107356218375,1.2972705512488931,1.718785913064677,2.315575604187174,3.740405892525943,12.263320258251705,1.012776024572106,1.5580614106538093,2.0949660781005788,2.6820181375430803,3.41001476956309,43,26
original_last,300,HyCoRe,bookshelf,515,0.9992919975752929,3.718774203273774,4.0819878020711435,4.327148584518887,4.47321815940418,4.6538549228243395,0.9526221709884668,0.9668119613877928,0.9739339120891198,0.9774363911482216,0.9811285427282946,1.009900980271285,1.3385001368233829,1.9319366331982413,3.3121778184281063,9.355711274347318,0.6663188519157304,0.8629768375313603,1.2026279785807785,1.8033663095268821,3.040000237628768,28,26
original_last,300,HyCoRe,bottle,301,0.9991360257686077,3.8793374547287636,4.667439859824447,5.288606576614625,5.476453555724411,5.614573683724436,0.9595077293617111,0.981382347762222,0.9899531435465918,0.9916665837116202,0.9927377402742243,1.075434218530481,1.4870710308594186,2.2713469139018962,4.159874736506815,13.319350432252143,1.5291606648218092,2.008116607838184,2.7114606302437343,3.796869289224816,4.997383354024495,62,31
original_last,300,HyCoRe,bowl,58,0.9993992885001153,4.380938907693682,5.072458230882689,5.746935315005143,5.874805384560144,5.893582999692188,0.9732294574857797,0.9875320692925922,0.9936352163214932,0.9943969316714034,0.9945009786666159,1.1951273790234358,1.572577649034734,2.271175445233534,3.7914697654666387,7.417876937670847,2.3436187074866957,2.9357172728741627,3.49620877672396,4.160158258690756,4.490073171475505,26,15
original_last,300,HyCoRe,car,177,0.999775609320986,4.10216691635342,4.520958767761423,4.717449666672263,4.867935043253489,5.033990202074806,0.9674630454338933,0.9784766315155172,0.9822824698106981,0.9847388849108103,0.9870515809291556,1.0494576968559264,1.3056050774541186,1.6582135108412017,2.0799488247708244,2.841740171248131,0.9615274337231017,1.1713424490615427,1.4731015143717938,1.8307823835195431,2.2513647274537902,40,36
original_last,300,HyCoRe,chair,800,0.9987300681630925,3.8143822623773564,3.985108331833675,4.172832839577261,4.370631077313823,4.543033087031544,0.9568488078722149,0.9634977319606017,0.9696505437122354,0.9750291652432982,0.9789418329779341,1.1930805451237732,1.618098641762051,2.7838058044457523,5.414272115719642,12.050196282937529,0.6627896135859863,0.9004060314328717,1.462097309139328,2.452001619870717,3.829895520139832,46,29
original_last,300,HyCoRe,cone,150,0.9982023528181975,3.805005081968297,4.411497639184278,4.791590320701548,5.003204422936359,5.174117890609257,0.9564146366645411,0.9760170699437228,0.9835381113352449,0.9866568103953014,0.9887412253082688,0.8551172331993963,1.3902593234062066,2.1296050696853026,3.3313050021203794,37.07874788993076,0.7910150197312622,1.2935617501309613,1.8692130387284838,2.7466204643883994,4.212200898462548,30,21
original_last,300,HyCoRe,cup,71,0.9943820926742676,2.912270768109196,3.852436250413852,5.153018636010415,5.6306769200992655,5.739650577731345,0.8967923240512211,0.9584266046955614,0.9885026272830228,0.9928533350497417,0.993588697840523,1.7863530089736916,2.531586343388826,4.365506781164561,11.276450342862523,33.18039580623353,1.653024180537087,2.6239268970641376,3.6712061382176087,4.710801388112219,5.840385345111077,30,20
original_last,300,HyCoRe,curtain,123,0.9992063427486201,3.2090551177951427,3.7784422418513857,4.262921035685013,4.743833805525967,5.316019460571275,0.9219731081309469,0.9553050560320259,0.972228827259496,0.9827392697888481,0.9901917225584536,1.1317860615301318,1.519097061459387,2.1877816856135857,4.275650942211959,12.240913378114705,0.7194082741624107,0.9466937338539805,1.378564821869746,2.2501479420211137,3.9426426212167853,28,21
original_last,300,HyCoRe,desk,180,0.998909163514524,3.3696385799257387,4.4601076540589455,4.839768917662383,5.1388307816074414,5.318595640526447,0.9333769730542496,0.9771420255565515,0.9843063082672948,0.9883392983165303,0.9902474242999042,1.2531182482582723,1.6124986413652838,2.3060269246409977,3.8249575587649978,19.087971396383097,1.251476856566573,1.5623743214748915,2.1193098702395856,2.9511656337046213,4.215990033244161,68,28
original_last,300,HyCoRe,door,98,0.9974647031218502,4.1805938426366644,4.4608769451241725,5.143406943112632,5.429139685783691,5.474269412575337,0.9698323807581124,0.977159100903718,0.988391558232598,0.991264444308207,0.9916483897333663,1.1586662539532155,1.5972603850438176,2.3940052023562344,3.794512017934184,29.965995087090267,1.2731859794460905,1.880357699912649,2.5966786858334387,3.3914183477772535,7.102657104443576,35,19
original_last,300,HyCoRe,dresser,180,0.9972326518255962,2.6129108355458373,3.0137654864935834,3.825663283820116,4.503244917248895,4.758724720631205,0.8629138269462752,0.9063801721725272,0.957322213079728,0.9780963106229451,0.9829927831211726,1.6701632970893316,2.297629207573251,3.938618160339998,9.024925886201105,22.723427325927478,0.6661072524311891,0.994612355467599,1.6354232054024842,2.5760685009359228,3.3409902596373993,24,24
original_last,300,HyCoRe,flower_pot,134,0.9576567712644044,3.619028050609243,4.2868471341426275,5.530241953426186,5.8583772501196245,6.039015229810279,0.9470387481130903,0.9728762035518974,0.9921012476573904,0.9943045103476862,0.99524326483591,1.5798294436794436,2.1548480223300097,4.062010637137908,60.647696458820676,70.73645535060582,2.5075465419890315,3.2344253643158978,4.264265322324454,8.057995013941506,9.45945174961278,49,17
original_last,300,HyCoRe,glass_box,154,0.9969338248258681,4.950156851493115,5.319228348959563,5.442319234737637,5.620127974982467,5.791540974450012,0.9859324476010145,0.9902546543464743,0.9913784417419556,0.9927777485617703,0.9939120362411253,0.7380408900699328,0.9507009421304385,1.383586306611209,3.3405759908961796,33.99580625915406,1.398287588447183,1.7152487230926496,2.2816581281244335,3.624664039431482,8.491780285228923,22,22
original_last,300,HyCoRe,guitar,139,0.9997618785074345,3.9736115317841585,4.23271707066091,4.5534981466538325,4.848281373604185,5.433859994535426,0.9630831326239083,0.9713884949591072,0.9791588568918059,0.9844381651162678,0.9913055396119443,1.0421715000430967,1.2791743844663317,1.6857520499569776,2.261249473192356,2.7119637681673177,0.7804616046399133,0.9824372085911726,1.324045963609646,2.1309551821957196,2.6114402540721975,43,18
original_last,300,HyCoRe,keyboard,131,0.9994782956141759,3.5739396354514033,3.9854020487574537,4.298591790029943,4.634389800735109,4.892539511393827,0.945432561168006,0.9635082564741272,0.9731889403900775,0.9807627695777356,0.9851041771853681,1.0051840953589268,1.2495564876263883,1.7392786740776938,3.3076116136395104,11.116277769724393,0.611807795940121,0.7903495916713222,1.1228459777284154,1.8408834096727045,3.481397758925734,31,18
original_last,300,HyCoRe,lamp,112,0.999306416959425,3.575905160507588,4.434212874113702,4.952677977975432,5.2776610031335665,5.493682742482387,0.9453904401834504,0.9765488496505962,0.9859701826897691,0.989843132427566,0.991807331761095,1.629965391840572,2.064175728351626,2.7986297689562334,3.91839343479855,5.459479348737242,1.502872145845547,1.9585348696905767,2.5429592251037785,3.202587610132593,4.155159885099251,51,24
original_last,300,HyCoRe,laptop,134,0.9997471939422594,4.072876181253948,4.589012573897224,4.866038670728679,5.306750544353086,5.467724177370161,0.9665134496063418,0.9798786892757458,0.9847101374869305,0.9901328635510989,0.9915938141498825,0.9487682668514398,1.2507197440453228,1.7130765232077376,2.396676532352696,2.9826266108698163,1.0095588935709314,1.296881326514462,1.8037016540092194,2.42029588745028,2.9520224174234957,33,22
original_last,300,HyCoRe,mantel,256,0.9846300340311717,4.501985217533183,4.598229561215934,4.720126377152853,4.890372255919834,5.0831697336080595,0.9780691133463242,0.9800614780887059,0.9823294108077869,0.9850749694109298,0.9876748762062812,0.8379551058200744,1.0943872643536876,1.5374082486617926,2.5759356670271227,66.90855546812566,0.7922370084054269,1.0216643529674951,1.3895060163020276,2.2093632580597853,8.666545851239144,21,23
original_last,300,HyCoRe,monitor,419,0.9998306817560934,4.255063157622546,4.363728312979666,4.478010025086407,4.597618241558691,4.700533526088345,0.9720124834702013,0.9748584035945334,0.9775430433138409,0.9800493950664437,0.9819828108477202,0.8456754853816193,1.0488032526659519,1.376198224081906,1.8761510498610463,2.677407512979926,0.6260115321997962,0.7771998969362706,1.0209753544730065,1.3726078606707894,1.8119945031492604,55,31
original_last,300,HyCoRe,night_stand,180,0.9954341944564605,2.870665029217075,3.3756701244901706,4.563694000620064,5.03579885742987,5.245821129371571,0.8927148264626624,0.9338702819681485,0.9793679338828034,0.9870819457703474,0.9895162497996258,1.7412651341212415,2.3706680312552586,3.843367325296433,9.7419528514478,45.72318374095466,1.0651407434834799,1.725841375293579,2.5111732000072493,3.5478009921501426,4.929119223502245,42,22
original_last,300,HyCoRe,person,79,0.9996912500906607,4.425517903768865,4.755773103469127,5.370657502405023,5.535017484521657,5.597079949280552,0.9763236492817845,0.9829262757620767,0.9907409202215895,0.9921387292964127,0.9926085018197645,1.1264353319192266,1.4497192842665414,1.931636975692856,2.5791596916871335,3.20342467930167,1.6645510617944388,2.0122764871932435,2.5418685378367902,3.023466778655244,3.3707040058600244,31,21
original_last,300,HyCoRe,piano,208,0.9995456125907458,4.460405204118891,4.6356534159887275,4.809782997565907,4.964485162804748,5.155176051167256,0.9771484036910404,0.9807867793018569,0.9838324996104773,0.9861332862485923,0.9885272612828497,1.03014669776941,1.3915695248829085,1.8247890231652029,2.3514921364293215,3.291966254456402,1.0569660888533652,1.3731913830074707,1.7430353234735976,2.144274536851915,2.7560918950006545,52,30
original_last,300,HyCoRe,plant,215,0.9812490633266007,3.057231240490197,3.623635303300319,4.307847699807203,5.050971471912192,5.330884516970226,0.9101858937781591,0.9480155391699742,0.9734326749226989,0.9872752565892271,0.9903669679631762,1.5848829860883717,2.0615553914364573,3.366849543629302,32.034805312897824,57.889241743225,0.8139361536013281,1.2219251914552995,2.110780018758086,5.718391172180882,7.937328190919047,47,26
original_last,300,HyCoRe,radio,94,0.9935825507458813,3.7886527786674344,4.635352595588857,5.56221358807304,5.78425687780133,5.935976161700001,0.9541969856425946,0.9807583957720404,0.9923487868790261,0.9938676697293041,0.9947267055708396,1.535426398279865,1.9672974286406948,2.721185919494336,5.62822078747507,50.98827891206855,2.105910812831865,2.770018402127502,3.4755180123150837,4.449587559144985,9.5329975027101,79,20
original_last,300,HyCoRe,range_hood,103,0.9874502869225223,4.257535831146576,4.633474889162639,5.125316223717328,5.330940501026193,5.3897065219204805,0.9720794683291913,0.9807382745469961,0.988181578049077,0.9903675803348044,0.9909148327941191,1.268419757543936,1.8094426079181065,5.884709770604765,24.437590609711908,34.585984537596545,1.590196943998326,2.1823167558446275,3.9532598765445317,6.891801496145777,7.765656863167228,39,16
original_last,300,HyCoRe,sink,115,0.999631496090029,4.570584068564137,4.849053301574269,5.083928983714797,5.288014664962929,5.388771505070151,0.9795023030015277,0.984450117500595,0.9876852581376885,0.9899472022091022,0.9909056073285508,1.2360426149062065,1.6175194630645682,2.1508930629566567,2.7311162276561136,3.2418181361229506,1.5672298102928823,1.9377873249859394,2.394467699386435,2.837629195108491,3.2211051025988326,30,24
original_last,300,HyCoRe,sofa,612,0.9997194384284847,4.074744620086148,4.250853160940921,4.355196972990749,4.443625752770843,4.532552947013452,0.966572915257805,0.9718963934286743,0.9746457261582778,0.9767665745495141,0.9787223976983437,1.0543804832811239,1.3201445533299074,1.7532511313814312,2.489740100219119,3.6604831950062686,0.7041066723101982,0.871652164081114,1.1331821900483257,1.51741721761804,1.9622669432949997,48,41
original_last,300,HyCoRe,stairs,112,0.9996752538700251,4.435811074852752,4.760225537695544,5.03350821331242,5.209471566030539,5.347247150675346,0.9765858717051228,0.983017818882735,0.9870524718934566,0.9891302658135016,0.990522584613892,1.3202601089978196,1.6134069469246626,2.0195792745220773,2.511814129052256,2.949615714225651,1.5390986358732013,1.8133502721300316,2.175799404731846,2.564128111000063,2.868799183671801,39,25
original_last,300,HyCoRe,stool,81,0.9877333207028169,3.75746123532135,5.202116408729116,5.476020027046474,5.643254283665726,5.705713098262601,0.954277755267027,0.9890504731427757,0.991662985216584,0.9929423431431965,0.9933640463475845,1.225977618590358,1.5703033969014477,2.167650517007007,3.3076623847698086,62.4994597102159,2.200590430161446,2.578334612929454,3.072495385913153,3.776716648609651,7.897522928434783,25,19
original_last,300,HyCoRe,table,353,0.9949528312047121,2.714443461651595,3.3305830076050307,4.062321090237904,4.732933588262781,4.99370539722244,0.8756352455056131,0.9309262632551866,0.9661642228433212,0.9825523120982006,0.9865303206398226,1.3762991936801583,1.835328032484565,2.9913235727844483,7.147406731794815,57.797263515344426,0.6008444599579041,0.944867139042142,1.5712144708438496,2.540548692790448,5.283741319561986,34,32
original_last,300,HyCoRe,tent,147,0.9996318757728665,3.9712407126092906,4.581298550204326,5.055827026649184,5.234476420858939,5.353483779607378,0.9629359332243386,0.9797242264116258,0.9873365036171823,0.9893970148794227,0.9905811554829891,1.1133771937430077,1.446148222552582,1.9336486054364694,2.6138494163726245,7.142379285192985,1.3232630140012431,1.664853789932947,2.074339743383791,2.5829622209427625,3.6950180677450826,57,22
original_last,300,HyCoRe,toilet,310,0.9997633694718605,4.34170835128773,4.493269680833648,4.664295833818838,4.862257697406388,5.012656296834721,0.9743058310126599,0.9778793649265002,0.9813242684666172,0.9846526691725597,0.9867792396673678,1.0321876533866625,1.2800448651572,1.6632316744215399,2.220606289752478,3.0115898382722204,0.8957189791466648,1.1183696782666146,1.4442844635829077,1.8454149844853125,2.3064892286471252,38,29
original_last,300,HyCoRe,tv_stand,240,0.9969022011722575,3.248707983178028,4.014317234660342,4.737512960203551,5.163917363358478,5.418824930166657,0.9251476662045435,0.9645298655074745,0.9826313363901062,0.9886265433378353,0.9911743516738801,1.4444092074133394,1.8503822778665269,2.575273026021799,4.088881641544236,8.541346363017347,1.0567167398929092,1.4926027503952801,2.1009935753557474,2.9187007684240873,3.9200748795764975,67,30
original_last,300,HyCoRe,vase,427,0.9924943379806599,3.1496968635340923,3.796228653252318,4.672036855653304,5.1243654279973025,5.308294241488717,0.9177920623337533,0.9560751747807142,0.9814669453572876,0.9881703922943411,0.9901480426408118,1.7095378983412726,2.390260097443096,4.28826146502518,10.43573040348768,48.168605255836354,1.3405718609031516,1.900495158776479,2.7829438661092016,4.068363194447154,6.870910650294791,53,23
original_last,300,HyCoRe,wardrobe,78,0.9976604723538801,3.3894143521341156,4.0480383750771285,5.320803058937331,5.523674814531755,5.591638143711915,0.9329959980514972,0.9655185994298252,0.9902698043335294,0.9920488922039169,0.9925698493119999,1.404777974490211,1.8073160886956432,2.745802550149384,5.477745243249644,21.236047105680576,1.736734703147574,2.3456439203612702,3.0189953590785237,3.8014147679377857,5.819681837201732,53,19
original_last,300,HyCoRe,xbox,93,0.9969965688909157,3.488923452452384,4.474866150960844,5.301531803362636,5.557522230622855,5.602741429813367,0.9406364833135012,0.9774674007536488,0.990081525974957,0.9923130079230514,0.9926491720052245,1.0508802952540488,1.4645802375349923,2.127296028015353,4.474813207548799,39.61152563515928,1.5067108855432376,1.9995458482787762,2.6702845540321087,3.530738906856421,6.458541373466015,69,25
source_b32_best,216,HyCoRe,airplane,563,0.9994431391104053,4.204558370504049,4.501414050398304,4.615846843658389,4.730762885012477,4.827854054053734,0.9705823092470032,0.9780568217710485,0.9804062539207371,0.9825147335869452,0.984119290045506,1.113761229082698,1.4820815219818348,2.175328651851325,3.4173444011803613,6.779219522927667,0.9430628871934437,1.23209160438584,1.7078818206766213,2.4116011293164017,3.245805348857622,41,34
source_b32_best,216,HyCoRe,bathtub,95,0.992776614130353,3.3819295531985674,4.25040982004527,5.076939714385417,5.438962799731496,5.578423777197292,0.9340232939440821,0.9718093343367403,0.9875994211359631,0.9913495858980715,0.992471335084073,2.1308144113807357,2.909791738738852,4.451324807298799,11.526824738218624,39.45869121110857,2.2222776069134516,2.879370972991765,3.6332536550435117,4.705471891395515,7.766626128429004,35,18
source_b32_best,216,HyCoRe,bed,463,0.9988930402284644,3.073651650939562,4.1380569614379725,4.4627019803040255,4.6893457130511775,4.860929838446847,0.9115340432298148,0.9685931612524553,0.9772005755499666,0.9817820738242846,0.9846323911355943,1.4486079062259722,1.8732323174784136,2.7164254589292525,5.123936234754377,11.59816186024844,1.0593666619802276,1.333053025090901,1.8012905679740923,2.6125925947402755,3.640816869989794,36,24
source_b32_best,216,HyCoRe,bench,156,0.995289314757889,2.605608950141464,4.218227748094994,5.223020368273749,5.539596746796592,5.627631664696862,0.8621802655360149,0.9709775530132901,0.989275767520186,0.9921744493382039,0.9928315487129861,1.9424664812328636,2.659966455458148,4.0181027552297515,8.947866518252054,42.65595966888294,2.3252930930205173,2.8956590643934854,3.551407782429842,4.453564804712374,6.464591009432203,76,21
source_b32_best,216,HyCoRe,bookshelf,515,0.9920883773034094,3.195359135168143,4.050621130854557,4.481001759286074,4.707523774640509,4.835788275062378,0.9213045135113622,0.9657716407544583,0.9776093771233938,0.9821073030829103,0.9842439549094227,1.6952463246082292,2.3442917508802337,4.016187772820471,10.252621383913485,46.13116178937836,1.3028137861294402,1.6919160561837205,2.406992300697324,3.7601923757808144,5.933674192503961,51,27
source_b32_best,216,HyCoRe,bottle,301,0.9979313043463577,4.405639812925909,5.0425200760095175,5.442170060065482,5.646926282577389,5.765031618408551,0.975877903831358,0.9871679533180672,0.9913771843683631,0.9929681203774708,0.9937490062588317,1.1865461675769369,1.7651345861420216,3.089234868350057,6.639860984079932,14.701379224442086,2.0839117823270326,2.7514907455745563,3.642047254312077,4.859085490034565,6.212958153795817,32,19
source_b32_best,216,HyCoRe,bowl,58,0.9979623635609673,4.851923591265681,5.437690575280578,6.097190210497857,6.212599834589351,6.212612787516113,0.9842332051575147,0.9913236453890582,0.9955117240915532,0.9959999750053541,0.9960000267134347,1.2800678451057377,2.0154639730684276,3.3337478466586106,7.699146029662048,14.59217107092009,3.4403156597615765,4.214139348624599,4.999626709714883,6.01057871343824,6.945880084714717,13,16
source_b32_best,216,HyCoRe,car,177,0.9993841484630596,4.000516131529236,4.354247868412534,4.600153865883525,4.745256400473958,4.85188794542883,0.9637245275932291,0.9746212853445747,0.9800994280459082,0.9827641601044252,0.9844938936781519,1.3654864566030365,1.7292512420458692,2.399138080554073,3.637389008059505,8.959197703576883,1.1281672213667824,1.39060532099767,1.80315858895018,2.3068606691562725,3.712827896380149,28,29
source_b32_best,216,HyCoRe,chair,800,0.9966721392596606,3.798075832005234,4.219217540573262,4.513347782133476,4.744048357919004,4.8893842001849945,0.9561550183724057,0.9710062020604763,0.9783142913680118,0.9827435079177251,0.9850603244809887,1.4102175686061862,1.8834433364332028,3.026687942781469,8.611499090988511,27.315962386521402,1.1052648534189773,1.4303339111500553,2.0646045579521792,3.60459951992729,5.7101763008351245,44,35
source_b32_best,216,HyCoRe,cone,150,0.9945959753446735,3.9346223379362932,4.5963947380789705,4.842866337601446,4.985260685892803,5.0513469132680155,0.9613120487059947,0.9800251659683606,0.9843544915585862,0.9864168903673767,0.9872799807518118,1.0294736093842032,1.73163621857513,2.9381942136115096,6.740508333203699,66.14739813239993,1.1667381181378402,1.771555670183683,2.4943353942797817,3.622164408705293,7.647198888875707,16,17
source_b32_best,216,HyCoRe,cup,71,0.9751152859792653,3.534832845448608,3.980151394167951,5.24266501460476,5.6428361129656475,5.761111252483787,0.9426467316335264,0.963319670343652,0.9894832921406412,0.9929394016418965,0.9937245286802536,2.0246035922666894,3.4598973958650405,9.719246760691549,35.43605915187855,44.21167161422554,2.7226981476089045,3.6112062160474725,5.018555342542383,6.835070488207301,7.914287153277693,23,12
source_b32_best,216,HyCoRe,curtain,123,0.9946866885737686,3.464650186350139,4.298428937996303,4.733307518228601,4.960891263611044,5.104669133020762,0.9388560050862599,0.9731124253529514,0.9825587849427725,0.9860841414995344,0.9879352114543882,1.6287898317515068,2.2238318608943444,3.3095180705854497,6.519532965604775,49.71252473443777,1.440523973767891,1.8848388499116235,2.515576643916984,3.4487151092587243,6.082265395228474,27,23
source_b32_best,216,HyCoRe,desk,180,0.9880955610954391,2.606587106854585,3.5110606722789304,4.529220940368058,4.988249174910857,5.143494497626633,0.8625230421450947,0.9420006827578757,0.9786519605317692,0.9864570922310402,0.9883932388282949,2.1018667938494158,2.841756660834774,4.857244463629279,15.000075349637962,57.227320345643406,1.435008303278848,2.0022308945844167,2.7736760642324976,4.100676616830991,6.863741702140064,31,25
source_b32_best,216,HyCoRe,door,98,0.9859984546297381,2.7454312955512514,3.337412324131455,4.758403198214968,5.137045020615556,5.339956822537323,0.8785560310601083,0.9313798778018835,0.9829869384901575,0.9883185171756943,0.9904535615031717,1.9536259452301847,2.9635553762045657,5.418226558825468,22.971666175220648,64.89666675558173,1.801975008092544,2.389337231721055,3.2414102987505284,4.615852518709178,7.098150277753292,32,17
source_b32_best,216,HyCoRe,dresser,180,0.9819184490293673,2.664073899021758,3.7303941724102487,4.701997118620817,4.998104619571699,5.081558658539496,0.8696991439196627,0.9531545774961981,0.9820086974979096,0.9865890643928795,0.9876538171320609,1.9011080251512507,3.090210986072684,6.689518985523933,26.015083207050328,53.396299561771656,1.7033446064547442,2.3755512300686035,3.4835073297991066,5.705569883957576,7.949479451743913,45,18
source_b32_best,216,HyCoRe,flower_pot,134,0.8450146477721516,2.2151638169056103,2.9659926709325375,4.172344311884014,4.841943813551129,5.198792789624956,0.803180568150091,0.9020266198536672,0.9696346462912919,0.9843401812691958,0.989003593375039,3.0216435513292526,10.366585141482378,41.27042625499874,66.95493574105329,72.89796927150881,1.8371176156772797,2.9359130130473785,5.631971825272483,7.827985269647006,8.684526972539684,29,14
source_b32_best,216,HyCoRe,glass_box,154,0.9977695530542202,3.7083253769930766,4.541192092003994,4.77676162011478,5.004347329296591,5.617292971841662,0.9521329219207354,0.9789034708995654,0.9832942298205221,0.9866719714801573,0.9927572801158944,1.213232132002515,1.6811223584400807,2.5245123852693436,8.315445134124658,20.621432742156294,1.1947190876682923,1.561208907242044,2.1658390986917557,4.188178347515152,6.8987419276444575,18,17
source_b32_best,216,HyCoRe,guitar,139,0.9991667368079605,3.7344238025552015,4.388068764907165,4.8287859794967805,4.977328707436722,5.10844840931557,0.9533355775182014,0.9754478447564292,0.9841344188157407,0.9863094585868138,0.9879817112280467,1.5241575263199243,1.920524265847676,2.7115417401694755,4.435229485553811,9.931185113731019,1.5116807605174412,1.8400126453493604,2.3111897750262114,2.8468056840081943,3.682025710922121,39,32
source_b32_best,216,HyCoRe,keyboard,131,0.9980386893747298,3.215642733554324,4.164117625236332,4.903791841103425,5.185711145380307,5.295337641172647,0.9228243286744641,0.9693889525370617,0.9852724542747685,0.9888703695944023,0.9900201721421558,1.5140647488904875,2.0536988373860945,3.0348838559107034,7.820338606570633,18.34770833880009,1.5947509986791164,2.047254768736976,2.6115727191917792,3.434447320501942,4.611493722390359,22,20
source_b32_best,216,HyCoRe,lamp,112,0.9978480981681758,4.054022258035538,4.67747267812785,5.031868673402544,5.301765551346727,5.426396006336289,0.9658650945621395,0.9815664864957746,0.9870314345043845,0.9900834551249406,0.9912406270228042,2.1478956555091493,2.8547704695824017,4.193099060430282,7.906476474363123,12.205118291633278,2.2352175585303966,2.74186912331857,3.506941424250723,4.527583530998177,5.165964014912297,59,18
source_b32_best,216,HyCoRe,laptop,134,0.9974514638000609,3.4020289669167654,4.683374061233762,5.041791891353558,5.167369606185609,5.222105536374878,0.935490340681195,0.9816703441179446,0.987158663345719,0.9886654157962075,0.9892659715403931,1.2257179788616894,1.7341483951577727,2.600812552774403,6.355358154254664,35.89315604815527,1.5890443680259874,2.033841600673467,2.5914549009392784,3.496931057679962,6.292039054982368,17,17
source_b32_best,216,HyCoRe,mantel,256,0.9749625599446546,4.299625650540901,4.806266220531624,5.044071651804913,5.240999645971156,5.555374104979427,0.9720093276616342,0.983775612582412,0.9871877196202528,0.9894658534995329,0.992295309889309,1.090155448233614,1.5600519452831305,2.4163045887434462,5.925445841287251,79.16518725988617,1.3647295688790866,1.8419079649384833,2.498875009694868,4.02741199137955,9.200539862011356,24,20
source_b32_best,216,HyCoRe,monitor,419,0.9994705397042296,4.365852007151008,4.608407194817892,4.76643032210021,4.906394867929742,5.136426992316599,0.9749101783387875,0.9802613709945679,0.9831222287948046,0.9853104449472548,0.9883113862039717,1.1484646506744582,1.490238380403741,2.134523030924987,3.6126188722081842,6.380152072974509,1.1324259757589599,1.4250578640184017,1.907465819957747,2.6646701195248266,3.5541059662219956,43,36
source_b32_best,216,HyCoRe,night_stand,180,0.9831390815738823,3.4901962347013633,4.092111690474695,4.824564296097314,5.264855382302077,5.499178243603032,0.9400077666828843,0.967140547018607,0.9840678296486137,0.9897127734983588,0.9918530595705494,2.627182854833732,3.8843160007459194,7.610193424322643,20.998356294418958,57.177278754067686,2.321396017307206,3.032486371498243,4.155992444049309,5.982953184962815,7.695115858898127,33,20
source_b32_best,216,HyCoRe,person,79,0.9991742067578292,4.263392823170101,4.857615935646248,5.137207091128371,5.228826559670002,5.278595631793601,0.9720332931176715,0.9845817749926858,0.9883204613095553,0.9893375225249634,0.9898521964278122,1.2816211385702894,1.683201077520252,2.620779384927926,4.507192987137447,9.024739725422338,1.7480775454309327,2.1459022789332907,2.7719176935760266,3.611327532323862,4.713189024037291,19,18
source_b32_best,216,HyCoRe,piano,208,0.9953274169059811,2.836543326453163,4.295834067385265,4.691982576008028,4.927069429184575,4.9977019528983595,0.8892318533927392,0.9731158520421698,0.981829605493926,0.9856088752997277,0.9865837082036016,1.4724756312372154,2.1009793422183987,3.0328446785189374,5.227780184765777,37.24025799141791,1.3695956055045597,1.8055661079478145,2.3079472567470543,2.882483168376953,5.495335981187209,26,24
source_b32_best,216,HyCoRe,plant,215,0.9925173252273681,3.0274182168684307,3.9236547735475638,4.611171135476904,4.853943738862979,4.962718378162468,0.907364257220086,0.9612283043849431,0.9803153285793913,0.9845255312451594,0.9861093672618477,1.960937183633155,2.8380096579230347,5.29368065669528,15.280357543224456,33.08522547293345,1.586778539179504,2.022129404457853,2.9680402380241238,4.886700992438232,6.388448772603789,74,30
source_b32_best,216,HyCoRe,radio,94,0.9715396951536769,2.900136132804574,3.789182346185406,5.32680047664706,6.045066858402167,6.212599772297508,0.8949217149501898,0.9557555593935769,0.9903272539835637,0.9952721223412664,0.9959999747566749,2.4383926909193647,3.479801880437522,7.48922501015297,34.095538777804194,68.61352821111535,2.8029637909346397,3.820361919883973,4.996284277835561,6.784162323313336,9.977177895055718,68,18
source_b32_best,216,HyCoRe,range_hood,103,0.9962017489245849,3.929649982789532,4.7027715748725365,4.972534459359723,5.125528468725871,5.230525507633654,0.9614562894458405,0.9820226032272843,0.9862441209690135,0.9881837031400221,0.9893555218499249,1.4442744421444929,2.341670724048206,4.571057931680916,12.155159693882327,15.258450952714465,1.6268555181420081,2.321367931117664,3.4394750024929395,5.200071744970764,5.726043674212601,14,14
source_b32_best,216,HyCoRe,sink,115,0.9971613763204535,3.3661036592184757,4.354861237035379,5.403940680366419,5.849816993665731,5.983640205710025,0.9332541955832343,0.9746015191062753,0.9910426623008538,0.994254639106753,0.9949733764672455,2.128730946080679,2.8436768013813314,4.247266436977277,8.608638193431554,18.168227755281077,2.559623955617462,3.3265869205572787,4.1174483118345515,4.908622330786935,5.948807738478212,110,21
source_b32_best,216,HyCoRe,sofa,612,0.9985898196637748,3.865887011028118,4.160186202887336,4.357917916021855,4.544418654592051,4.718454273733889,0.9589705392040946,0.9692702214473201,0.9747137488871751,0.9789707654047949,0.9822988549628531,1.8878610677996217,2.4519296063918947,3.4879365457235227,5.598421863910042,12.492649254966684,1.2307755755231764,1.542842780656725,2.027345021550516,2.739154998686721,3.9673120225771843,56,44
source_b32_best,216,HyCoRe,stairs,112,0.9988566748660779,3.8938102482194745,4.6976569107931,5.082000328485018,5.235952258639391,5.313462956452529,0.9600334211889862,0.9819314493101848,0.9876615397428805,0.9894128334107238,0.9901985846069933,1.499768045730444,2.038139229386327,2.9078738271461564,5.055240633339982,12.575756431057984,1.7833629119484589,2.285971502847678,2.878449066618535,3.666237260556743,5.344452803902745,26,27
source_b32_best,216,HyCoRe,stool,81,0.9764819965480054,3.984546840197702,5.198592988131839,5.629263368080623,5.9583909467393985,6.013129232265321,0.9633628192746272,0.9890120376384877,0.9928432618986283,0.994845187320204,0.9951190979170964,1.65537100327902,2.2919150176870016,3.9928416981911248,12.025065003759927,77.1457339291606,3.1415012307399306,3.671557242933268,4.552187295381302,6.404453017660868,8.737207793227581,16,20
source_b32_best,216,HyCoRe,table,353,0.9881707243830165,2.7602531707517644,3.665037873031782,4.228340443154938,4.525625990858727,4.7739807022370915,0.8809464187794086,0.9500715494555241,0.9712657246834795,0.9785760909042288,0.9832481081084168,1.9161106276179811,2.802352721556917,5.324965212332948,17.80264625854278,58.055418661739125,1.1100945351007367,1.5499381210941707,2.422184596024659,4.1230618140592075,6.950089515576079,35,21
source_b32_best,216,HyCoRe,tent,147,0.9835550377017246,2.962469649538113,3.8516212012362265,4.6686979568464935,4.969677419536158,5.079750854280205,0.9014995489628843,0.9583929152113985,0.981405538216781,0.9862049520407459,0.9876328344264196,2.049400441783565,2.9331770709023313,5.204869908463151,18.707870404311475,74.94893727820762,1.7924684415403183,2.279813874977215,3.0543220355417953,4.647613669085157,8.343530416686702,64,24
source_b32_best,216,HyCoRe,toilet,310,0.9991568542346776,3.5525197259778354,4.341875756809369,4.64988027350239,4.933081031439998,5.098812145190567,0.9441419740688052,0.9743099491839899,0.9810556321169042,0.9856945107629984,0.9878660691349529,1.5901931421809015,2.0447632222450447,2.7890607623333183,4.019141306141828,9.490929950071802,1.3038556991456245,1.6514225699452711,2.1305958243569934,2.7069048088271073,3.534244550689534,64,27
source_b32_best,216,HyCoRe,tv_stand,240,0.9783613600083542,3.0599467618792757,3.6695798575163674,4.801528636502064,5.255565244474295,5.44622494692068,0.9103800791012537,0.9502923993309469,0.9836995894278029,0.9896173802317102,0.9914113405853975,2.2318708206375013,3.0868179625277667,5.708319709077995,18.255603473031588,72.51630543986533,1.7703251948670473,2.5280734661358157,3.3734016625493264,5.29041344047035,8.464543676788677,46,31
source_b32_best,216,HyCoRe,vase,427,0.992627520936074,3.298452282341124,4.255254055434092,4.700457205975614,5.047634629088025,5.25881796195125,0.9287436152209438,0.9720179665649717,0.9819815684426885,0.9872329625967193,0.9896506109858185,1.891557454608097,2.820213476512609,5.087982760220087,13.126214805406224,29.3230838043074,1.76192470512551,2.329348732646732,3.2053960831087775,4.571283503558325,6.339523312393041,71,23
source_b32_best,216,HyCoRe,wardrobe,78,0.9784209360396952,2.4561146193739143,3.461572022018185,4.870517583229274,5.36955867313058,5.5944263536463685,0.8410018530369635,0.9391277790764129,0.9847721784704819,0.9907298697683841,0.9925846821641511,2.2153933821273104,3.2007387002192584,6.360549873983333,24.94834088379094,59.248127195061684,1.8911962195039247,2.6890285098001,3.6561523896434323,5.236562062854047,7.402563966150853,43,21
source_b32_best,216,HyCoRe,xbox,93,0.978018321557116,2.7813904873168105,3.505563190708745,4.83790987994068,5.288167933048374,5.534556346587801,0.8833234521301893,0.941689139279524,0.9842773836373914,0.9899487331432311,0.9921315994565697,1.7447438233064552,2.8357000279518405,5.692125606990253,25.301346627986266,78.11329466410508,1.667023094426509,2.3773086710124707,3.472574083209728,5.3364812423091905,7.970738350564044,44,18
source_b32_last,300,HyCoRe,airplane,563,0.9998352390398547,4.0334768927153615,4.191828221501144,4.3348399482531725,4.441249414741824,4.474976513120949,0.9651912487463299,0.9702130929638119,0.9741310436225363,0.9767119389806378,0.9774755846459745,0.7001371871137198,0.9142188359980363,1.3140546904723396,1.9339815338419024,3.273890117850615,0.49143825147678705,0.625197491663776,0.8483964060115415,1.1585198268465728,1.7918044080061633,32,35
source_b32_last,300,HyCoRe,bathtub,95,0.9993977935750087,3.6107350327788477,3.9951473413791776,4.486341539343738,5.143084329287989,5.344548274029467,0.9470104330745891,0.963852580185046,0.9777272915525094,0.9883885056498098,0.9904958822612275,1.5775675895728662,1.9606030398639953,2.5572993960976165,3.624154541165802,5.529817441391989,0.98117115029706,1.2867156688930228,1.8987429937433924,2.6741970507730564,3.287293834269925,37,19
source_b32_last,300,HyCoRe,bed,463,0.9996329515277054,3.649096141607672,3.956977346056932,4.124024652298693,4.337925641631136,4.523629927171828,0.9492851431525209,0.9624758381969102,0.968156667181294,0.9742097155144256,0.9785336920332949,1.1246186551107566,1.4051729165696025,1.8605506907614107,2.672393857420169,4.701280559092345,0.5885259375267856,0.739613158603887,0.982334690044801,1.44800869745472,2.1758634760191793,43,38
source_b32_last,300,HyCoRe,bench,156,0.9991994812212734,3.298124273988597,3.845221034392881,4.533448380585287,5.080620124923731,5.33279156729933,0.9284501708557505,0.9581307083469521,0.9787405566860761,0.9876444176882128,0.9903852542509634,1.599250346271195,2.015490969795053,2.6898589023696995,4.182570066143725,8.114579402366493,0.9292099981861792,1.3528419724528622,1.9858605783767687,2.6605785276464013,3.3183325552908456,44,32
source_b32_last,300,HyCoRe,bookshelf,515,0.9993636622962775,3.374820115063092,3.8651065473068162,4.218517856806909,4.4133842809764285,4.605214161753613,0.9338165079005115,0.9589392717445215,0.9709862037190714,0.9760617677298846,0.9801987843352177,1.1330827853990177,1.4685772390566156,2.09123683602308,3.5044120631942466,8.354405363683318,0.6653409677935105,0.8468581270723802,1.1707803012791484,1.7626110818241614,2.805194387642066,42,47
source_b32_last,300,HyCoRe,bottle,301,0.9987115312705868,3.8652921044179536,4.951439397866679,5.2605907465426265,5.434479147150627,5.510302893042538,0.9589467449167807,0.9859529172728455,0.9896691670943436,0.9913109005985434,0.9919428262552388,1.1890724375802155,1.7344461687661188,3.0258457322457497,5.862681291074202,10.745125143256768,1.8344995247838325,2.3729254569420926,3.222662610334217,4.3530836905476695,5.333842316768874,24,18
source_b32_last,300,HyCoRe,bowl,58,0.9978481311864511,3.678402337149729,4.517751762579418,5.493994516403465,5.8681938722112585,5.955824287344812,0.9496311827120612,0.9784082331114916,0.9918108822888783,0.9943599965184304,0.994831230752438,1.3105689767150004,1.861122469472789,2.836981600190099,5.839885107903188,17.881344778360813,1.6534081081609255,2.6105347239305607,3.456364746119834,4.709606110467324,5.918773207167884,29,16
source_b32_last,300,HyCoRe,car,177,0.9997731003169052,3.9229689963701695,4.14479233619355,4.46049979089483,4.657205293132605,4.789900760484572,0.9612011358250121,0.9688008393721034,0.9771508858174877,0.9811925642708208,0.9835104725844597,1.049763994830027,1.281244339613937,1.6495037442993312,2.1414856006865604,2.917347471749409,0.7382278924511513,0.9129779608568636,1.176365688327457,1.5053140909084437,1.837448378079677,30,21
source_b32_last,300,HyCoRe,chair,800,0.9989859955254504,3.7158946462756255,3.9485521068650824,4.130302402537802,4.300222340490602,4.468015508548014,0.9524887902222415,0.9621643653390065,0.9683527921894775,0.9732320347230766,0.9773200280722105,1.1428629245831794,1.4997122204558435,2.3590484951016846,4.269978241338197,7.98152314864483,0.6079527330142191,0.7959763675067291,1.2180361376779258,2.000162555141571,2.7263036840575507,42,30
source_b32_last,300,HyCoRe,cone,150,0.9983725970735454,3.0681420174711715,3.2391989904065968,3.6395153065137054,4.1900205871403715,4.436063948564424,0.9110920820345744,0.9245655031107917,0.9488102496199022,0.9701599645178738,0.9765637712851492,1.1721890117896336,1.798556594291185,2.620568038962893,3.8286448775089448,31.42214116880532,0.32811193554822327,0.6002962178229078,0.9818605447264642,1.5205794986726957,2.7608607336859117,19,21
source_b32_last,300,HyCoRe,cup,71,0.9967868968051267,3.5006685827252095,4.231442704102038,5.40674169310597,5.574042200708648,5.616068449469536,0.940024600681386,0.9713534529611958,0.9910676049140794,0.9924384792051864,0.9927477843332948,1.3453867972209386,2.0111046885817023,3.505001040001566,7.432172653444615,29.075927669126276,1.934417726434374,2.7515237158268024,3.584808455532035,4.590392245348082,5.881185977133619,38,14
source_b32_last,300,HyCoRe,curtain,123,0.9993562456460005,3.6444591589739437,3.9109909019998335,4.418140301441595,4.856251572192872,5.04195143132401,0.949058211552341,0.9607445749528776,0.9761739950963452,0.9845607771837336,0.9871606103055383,1.2694144489519175,1.6752815785950987,2.325808175315451,3.8470184469429927,9.126696177809205,0.8339195416963298,1.1138932595559965,1.575784052461462,2.314615500872544,3.6104081478191836,37,20
source_b32_last,300,HyCoRe,desk,180,0.9991302911713292,3.437997604763698,3.9737956198356987,4.574673451899041,4.8597636327183364,5.06344751420235,0.9377422930364367,0.9630901089904984,0.9795909070303296,0.9846146378749736,0.9874307028511334,1.535214202004675,1.942665769859454,2.704575374351476,4.221891446086839,13.125014572783941,1.0407609380229308,1.4013183067827553,1.9317274759254497,2.5927154147890565,3.37162655103199,31,22
source_b32_last,300,HyCoRe,door,98,0.9992829870340153,4.340565596653171,4.954598427473155,5.386339144644338,5.490505391198444,5.56597024688736,0.9742674343414918,0.9859967220284273,0.990884328627623,0.991782383939076,0.9923774240254567,1.092762091493668,1.4232691922674972,2.0934023596571163,3.3804816388910695,13.13812375367695,1.5026927348814274,2.1287355082938433,2.792241708410949,3.5663083045692883,5.25252090907097,28,18
source_b32_last,300,HyCoRe,dresser,180,0.9987452903872368,3.008746357466745,3.62129699874941,4.399033300461716,4.759182594012944,4.897335922387131,0.905733501771106,0.9478975054167297,0.9757199499706676,0.9830005014663417,0.9851774583275088,1.564936117181391,2.1026194173329777,3.2147208950788273,5.543674868012306,11.457710965138732,0.9621466143350046,1.3118072681663184,1.8797031054292759,2.6760543977048985,3.3769407076181857,31,22
source_b32_last,300,HyCoRe,flower_pot,134,0.9447143942827573,3.053567354162181,3.435254724357544,4.307994874631532,5.197869326858912,5.538416753240187,0.9098690491548235,0.9374733563987026,0.9734352921509035,0.9890041050866962,0.9921650358299411,2.1779769750674927,3.1977828582404815,8.52935166884017,53.8486449867015,68.33576974059257,1.280691130102644,2.0748506750302855,3.5730246976480924,7.062092396213864,8.390150611030782,40,20
source_b32_last,300,HyCoRe,glass_box,154,0.9987060874371239,3.3510178360454788,4.021468374352148,4.225093779855932,4.769694198504236,5.202981046779752,0.9321253885889984,0.9647778066361729,0.9711736287447837,0.983141274931022,0.9890584203528752,0.8865501207765717,1.1659727008557164,1.7216586457705068,5.187181432994848,18.314834845004253,0.5188802190828514,0.6824862447259936,1.0302202962326021,3.031389087748863,4.742257984269269,23,19
source_b32_last,300,HyCoRe,guitar,139,0.9997482049508165,3.8348521499007013,4.132908761361207,4.37521172764136,4.747052454765282,5.110646275403551,0.9576561207383496,0.9684338642583006,0.9751418965619136,0.9827946982813788,0.988005235777161,1.0770342127494201,1.3181633188810695,1.6953817057683527,2.247111797166651,4.1371553678559305,0.7243220085450583,0.8897140673163142,1.151686132343979,1.7047688086625474,2.1183032046273182,27,16
source_b32_last,300,HyCoRe,keyboard,131,0.9992361515254624,3.0684850894751023,3.683572554596694,4.225621393177678,4.650769805905189,5.034381923273576,0.9107058034285034,0.9509663145471745,0.9711886154841944,0.9810723510097157,0.9870636326948382,1.0632714316767948,1.390321044886751,1.9799199910805556,4.728320063922208,10.684128870469557,0.6144284788947936,0.8274260341375304,1.2272338887465264,2.0531713994649445,3.1356261966030323,28,21
source_b32_last,300,HyCoRe,lamp,112,0.9992860398082245,3.7332044970675073,4.1130444952377525,4.87243910652202,5.185535013627435,5.318220430426895,0.9532804789473242,0.9678094965012917,0.9848068789179543,0.988868419606651,0.9902425872172737,1.7543585358736962,2.1738661473799445,2.8703537656189897,4.000833380189288,4.9769845498842535,1.297992308704728,1.8360401732123708,2.419179232069183,2.991991329028356,3.460389955363334,52,19
source_b32_last,300,HyCoRe,laptop,134,0.9996622325340556,3.5401900038049363,3.993240887944725,4.382297302540541,4.915489429723517,5.22750772093647,0.942678209212444,0.963787981773496,0.9753151288442561,0.9854423800367726,0.9893226376685637,1.0994429292294274,1.4353078868213918,1.9480707892329505,2.6744075224553066,4.666367070402504,0.6759631284259681,0.9279750159793572,1.3974267562309095,1.957281428911957,2.539482812206629,40,24
source_b32_last,300,HyCoRe,mantel,256,0.9813508605874337,4.461773662630722,4.660555302926495,4.796551293782505,4.981784438809013,5.209750014505855,0.9771694434803695,0.981254905662897,0.9836189214446727,0.9863698576889103,0.989132732619331,0.872539885165271,1.1468702706841167,1.5982835275843996,2.562073576864523,74.22265729693005,0.868673793085532,1.12507712921991,1.5314437305936286,2.4784608094308846,8.611094919924875,24,20
source_b32_last,300,HyCoRe,monitor,419,0.9997715152966463,4.218978051870508,4.323131043297864,4.429339732445762,4.526214445643971,4.671261553006876,0.9709992506875014,0.9738303506471672,0.9764362178281591,0.9785885731468776,0.9814526741872402,0.9555491568733689,1.204655264535686,1.610497667496163,2.227011502827583,3.096777414660322,0.6886708655901242,0.8568915847977886,1.1191953419341594,1.4853267378338117,1.9764064559515309,36,36
source_b32_last,300,HyCoRe,night_stand,180,0.991096431524404,2.761279521531928,3.237589727632746,4.197940190641152,4.833994955255434,5.004145581538988,0.8794917401019581,0.9244486902086377,0.9703918346894052,0.9842161686377386,0.9866612187275913,1.9530543631253954,2.6712981880885738,4.7512076270205235,13.18898750130523,49.75232220315514,0.9470436687249294,1.5391429143147715,2.3372512519459563,3.6050301910637166,5.9573017887847035,46,23
source_b32_last,300,HyCoRe,person,79,0.9996819565068135,4.456037381086958,4.982893034403865,5.065884407529057,5.18323443787638,5.247431350132585,0.9766821616947114,0.9863849117749937,0.9874624325023426,0.9888428820318445,0.9895291706483413,0.9857625379842255,1.2782621111370973,1.854659408348876,2.742099142470695,4.318095950115112,1.2469648520976302,1.588855216703368,2.1412030148401,2.740850004941291,3.186111927316313,29,25
source_b32_last,300,HyCoRe,piano,208,0.9997146047933639,4.172764861120243,4.4728795487103215,4.6058625363435235,4.728550502192683,4.817071928604706,0.9696427483662868,0.9774288297841058,0.9802115844823717,0.9824763254260996,0.9839489714366042,1.1495428690194622,1.451022216490555,1.8546394720319035,2.329062761620655,3.3097785343230695,0.9602886567341978,1.187380457346535,1.4797397544204345,1.8171985682359277,2.1572436348560684,32,32
source_b32_last,300,HyCoRe,plant,215,0.9964257367974868,3.4540976599139217,4.136877869253195,4.5651986839351775,4.753665501784291,4.909197388407279,0.9386254216989978,0.9685567037257904,0.9793987912172998,0.9829072485246407,0.9853512243818511,1.3104638422059969,1.7111203745775907,2.567542880927568,9.614107391706922,31.326214437281465,1.0073601793418443,1.307785443290413,1.8406228057510488,3.6484595001230393,5.7259812655074835,41,29
source_b32_last,300,HyCoRe,radio,94,0.9906616448898996,3.3898650056632347,4.092441809107898,5.391365492765227,5.677014458266239,5.769597802758854,0.9346979014725667,0.967146627178704,0.9909297410023263,0.9931757770212309,0.9937773874789885,1.556003192399431,2.0496094913974114,3.0202138836609045,6.572665034791417,63.16053600489976,1.579890993951808,2.565729037248773,3.267726481631387,4.350432860469505,8.756448899323173,61,20
source_b32_last,300,HyCoRe,range_hood,103,0.9937835306801069,4.334619345520923,4.49375334418131,4.885835016050943,5.044071972166436,5.194093782999321,0.9741244017605014,0.9778896542329226,0.9850076059558469,0.9871876336461577,0.9889626464934973,1.1635322248882527,1.6520040015390305,3.4122385371731263,16.985937018837937,25.7077381956645,1.2423277629360991,1.7048774491908665,2.874095250151949,5.757503748878804,6.650940641487371,24,15
source_b32_last,300,HyCoRe,sink,115,0.9995795769237729,4.582042718019154,4.891673800246477,5.473436117030104,5.671545834182255,5.748106939049543,0.9797355162324374,0.985087261695488,0.991641505411334,0.9931385206760905,0.9936426365542711,1.2761638310302545,1.6610019623779322,2.2580431188001686,2.976085758301361,3.8774748662794303,1.8970243428433413,2.4005314833937095,3.025102059736929,3.558002092560842,3.9126028210931603,52,36
source_b32_last,300,HyCoRe,sofa,612,0.99966025885051,3.8152579024071245,3.9318472567770253,4.036147154715327,4.13624123398159,4.2219376259638315,0.9568853816630193,0.9615392700038626,0.9652824917147956,0.968537234261791,0.9710837460872677,1.1420106488651283,1.4450657014840138,1.937752500581162,2.7342241984836866,3.9373318354514706,0.5654915080877279,0.7063223676553778,0.925109862091428,1.2628807054684268,1.738697233784546,43,49
source_b32_last,300,HyCoRe,stairs,112,0.9997207119033891,4.716284392078246,4.962180782145684,5.167110677551659,5.264816899346437,5.320620635805392,0.9822613509544963,0.986101141488523,0.9886626002047711,0.9897124448016409,0.9902681476089058,1.1530020758213189,1.4419732408427572,1.8511677344573196,2.3704769821798495,2.968381502553777,1.521126919118705,1.8551208376636592,2.2536529506452148,2.6919051857244978,3.1233510044692068,54,21
source_b32_last,300,HyCoRe,stool,81,0.9892581368645349,3.5298037572981507,4.211565648895441,5.210127442062158,5.531319621991645,5.641766935716516,0.9430375243926946,0.970786747549767,0.9891373652359787,0.9921097335745528,0.9929318699292523,1.5495582349730435,2.0080133644266565,2.7261277917602165,4.0017635499896995,70.022725970782,1.6445069760321112,2.2232239621514225,2.896700321081596,3.6639898706735576,7.6715827367101825,48,23
source_b32_last,300,HyCoRe,table,353,0.9966320958283322,2.2677416938715855,2.8406544758747128,3.5542992551171886,4.348295584077665,4.715684126108747,0.81210117319835,0.8896670699423268,0.9443877678871326,0.9744722474766433,0.982250823274405,1.6433124807363944,2.202090744954478,3.49302105352538,6.918038850968004,22.611735731686206,0.44870686569044455,0.6982770846875225,1.315576692367808,2.1494032621642236,3.62713772388662,28,29
source_b32_last,300,HyCoRe,tent,147,0.9994553179896819,3.3768198634647835,3.772332222092723,4.225447655088258,4.779678643634035,5.002691878909256,0.9339442117760117,0.9550345633795183,0.9711836815426854,0.983342505421608,0.9866500417515698,1.3590814778446716,1.7844547043884236,2.396885715043815,3.6928682637546477,4.931544402313165,0.75548751270917,1.030099249316979,1.4716158560129837,2.099712024535161,2.634385238899113,35,29
source_b32_last,300,HyCoRe,toilet,310,0.9997535517627993,4.246879698835162,4.367942137770022,4.503860825765543,4.640222225204364,4.772743644900228,0.9717852778813417,0.9749627992975867,0.9781098616273294,0.9808735627403612,0.9832274005240582,1.0821654546977855,1.3526232512382388,1.7436057377147123,2.217018415286186,2.6739203305147607,0.8257209854080769,1.0207485549075295,1.289538862473106,1.6060142131555555,1.9020670689530277,36,29
source_b32_last,300,HyCoRe,tv_stand,240,0.9990446150828447,3.4703494713245835,4.00617859278457,4.643078233386689,5.009748194852234,5.137175695259246,0.9396156572107309,0.9642451612937372,0.9809275714258077,0.9867432890101403,0.9883200965956478,1.4394349886376154,1.8459363258384411,2.602870468988484,4.0509372062196505,7.658934938478381,1.0765238586497314,1.4602206701265752,1.993194679009453,2.5969032177809743,3.499157661148576,52,32
source_b32_last,300,HyCoRe,vase,427,0.9956663887234967,3.2673906511358677,3.703451804492294,4.445011457362984,4.714498109778425,4.913608437935462,0.9265731951646818,0.9519078575947172,0.9767983737168675,0.9822305633804559,0.9854152713785398,1.7772836430534218,2.585164336468387,4.428760275473368,8.689429278344788,34.65930181481187,1.205225103205548,1.6583284838588572,2.4197639613650908,3.5557686353117535,5.73024442962523,49,21
source_b32_last,300,HyCoRe,wardrobe,78,0.9968924706424993,3.564376169538065,4.45818815575172,5.1911943118258845,5.365055349740315,5.456774105548913,0.9449299642670294,0.9770891774398089,0.9889308065427399,0.9906890124175296,0.9915016643463522,1.5375770241714437,1.9786819397356745,2.634110447265947,4.677822653303946,33.58984001345626,1.771549134671081,2.2400007299232843,2.782792397046804,3.4549522446189616,6.30240251945585,37,21
source_b32_last,300,HyCoRe,xbox,93,0.9942002641624215,3.7706957936650527,4.475225911903012,5.110209136597641,5.394763178407558,5.550710710436718,0.9548775115941079,0.9774811375857599,0.9880027598137994,0.9909602566549283,0.9922606661871636,1.2541323919300618,1.7266663253158714,2.6512399555664734,5.329132743784304,52.52517433274626,1.3315257111068117,1.9481069810477372,2.806127203939146,3.8003634104038104,7.3129329578329445,36,25
b64_best,267,HyCoRe,airplane,563,0.9998292838715851,4.303764171863241,4.408979202840635,4.484108840768395,4.546253621886809,4.599105700939559,0.9733254109696688,0.9759573556208151,0.9776780633880732,0.9790089148624904,0.9800787437008569,0.7958544965134382,1.019660366629285,1.3896894314999484,1.9561914398444198,2.649140374508748,0.6093876858398586,0.7708112918599744,1.0240083586196975,1.386696788846592,1.8156833027985795,77,63
b64_best,267,HyCoRe,bathtub,95,0.9992782813577095,3.964686129770379,4.446795346938272,5.017045947066197,5.3257343542375954,5.355208524032001,0.9627519564489528,0.976839181578828,0.9868390476603007,0.9903174208145414,0.9905967308178195,1.4580983416093034,1.869585568673945,2.671263625121852,4.320827026903957,6.186172723821114,1.5038380857936156,1.9788031963893697,2.629220693572037,3.3858960801579188,4.049164239834852,47,26
b64_best,267,HyCoRe,bed,463,0.9997589098078392,4.1534599228216775,4.342826812281029,4.484850768952213,4.637067047925846,4.749676069906023,0.9690645263191624,0.9743341892578975,0.977694433884051,0.9808137059437765,0.9828395189492243,0.9687807950090453,1.2239458399564336,1.6485270144305793,2.3133183192003264,3.191977004381769,0.7369562956258695,0.9142064679263132,1.204420080203249,1.6453305436804595,2.2102300495702543,43,52
b64_best,267,HyCoRe,bench,156,0.9990463350445429,3.308340015242573,3.91813391759111,4.7043150712725526,5.1525398896887715,5.251388418397948,0.9288713913110387,0.9609764313605762,0.9820498778192086,0.9884971326665757,0.9895737985645817,1.5349815605003352,2.028453143281139,2.9464774838208947,4.703970817361986,9.650871977521929,1.1075399926420724,1.6355958463878744,2.315419057371903,2.9858272657075977,3.571145081205786,40,20
b64_best,267,HyCoRe,bookshelf,515,0.9989813196102918,3.655825406491404,4.245031017874216,4.467835891106767,4.605537122992723,4.6730358745197815,0.9494963205796257,0.9717346118125462,0.9773160016309178,0.9802052126410277,0.9814852794769362,0.9985991819918754,1.3440886672903216,2.073123624229759,3.875680211731263,12.51230836598161,0.7976721153297329,1.0234726490049657,1.4319703223785938,2.183707833149498,3.9079741158721095,30,28
b64_best,267,HyCoRe,bottle,301,0.9938956434210717,4.310553301738075,4.868050031405708,5.322314900089039,5.931745793338188,6.2126019128120165,0.973503507371338,0.9847406338222252,0.990284544242775,0.9947063587476662,0.9959999833016707,2.3667185257152092,3.3339994441460643,6.796614621238608,13.866327114599208,19.42687429938718,2.3938505968001618,3.2745259225153247,5.357663414149962,6.684248549988514,7.482234930557792,53,25
b64_best,267,HyCoRe,bowl,58,0.99877231393684,4.376467152721815,4.838111374933066,5.448520949721821,5.539963430500928,5.575316149308845,0.9749904237164843,0.984280283502119,0.9914315206843367,0.9921773759031418,0.9924478177929774,1.2632339396127827,1.7287766095679196,2.5001236244723457,5.130189930345317,15.454080006811171,2.062199850842635,2.550542928419312,3.195493682760934,4.213017675147383,6.191423019538811,45,17
b64_best,267,HyCoRe,car,177,0.999711785346189,3.560512544069748,3.832279115785268,4.113578159171152,4.392174950230013,4.687322063555188,0.9446861444723189,0.9575978652937623,0.9678276515707556,0.9755549023740363,0.9817454019495419,1.1143466560107862,1.389898415127619,1.8015002750110312,2.44121329155333,3.8686612150164406,0.585745520794671,0.7254733089251062,0.9703104052678561,1.3294729251736088,1.7466879388664724,34,23
b64_best,267,HyCoRe,chair,800,0.9982544181524301,3.6301905417478184,3.955915848296448,4.214870547113366,4.440298014266882,4.70240589807569,0.948347097869346,0.9624367335487544,0.9708817266104205,0.9766900319605982,0.9820163247715366,1.2937781274910567,1.7313176443191962,2.599090445131912,4.720979763247675,15.77709218400263,0.7622909594107339,0.9960288259032067,1.4356521095724055,2.190903214831904,4.02355111098456,38,31
b64_best,267,HyCoRe,cone,150,0.9988658707329182,3.032553734465986,3.972526056626759,4.395872459219793,4.520339893803384,4.664713469944034,0.9054175563642871,0.9630440066423015,0.9756438765291973,0.9784637756135923,0.9813319062979686,1.1225846533346535,1.8410122189185048,2.6704238273822454,4.240211312613886,17.861673808940786,0.7202869068094736,1.1637902429202251,1.6256987847961504,2.232491857300456,3.3870696148779738,22,17
b64_best,267,HyCoRe,cup,71,0.9951007427259875,3.164460430005319,4.2245409760577814,5.125653046596492,5.461479127754392,5.55607004758976,0.9188108250291144,0.9711579194945211,0.9881855345826135,0.9915413883115415,0.9923016270072152,1.765697189694684,2.635715382988326,4.073535660695128,11.282426794120788,31.07614830240497,2.0669457135281792,2.6591407400645815,3.4259226586723814,4.688782328582474,6.220129392968604,30,22
b64_best,267,HyCoRe,curtain,123,0.9993233663684878,3.609989576070563,3.8092821754505053,4.139684970181079,4.646493001818643,4.791682950055062,0.9473179945150585,0.9566329552500814,0.9686437020538361,0.9809919952117784,0.9835387102386899,1.5387543920834537,2.048737703613937,2.8211685307726255,3.8422142435085775,5.163165862638426,0.7503126541285507,1.043297775751845,1.4727327858570647,2.09427439388548,2.8104337664115993,33,19
b64_best,267,HyCoRe,desk,180,0.998437640508393,3.311301892414154,3.8802689281754157,4.521349379148516,4.805976023926218,4.92800640234564,0.929608745210722,0.9595331759643991,0.9784852630370108,0.9837713361790386,0.9856222466713337,1.4841306097722453,1.9512715797441256,2.997055600806594,5.8895105170770305,18.174213690397366,1.0559250969367386,1.4147266756039005,1.9950481024314821,2.8971377587113647,4.4722588985745135,23,27
b64_best,267,HyCoRe,door,98,0.993976131817594,3.841814278052978,4.3540445790801545,4.870609757170321,5.082145984617901,5.171436504626259,0.9579414843097386,0.97461630616565,0.9847776204568844,0.9876633995442923,0.9887112206815946,1.4984660549055475,1.9049214104903314,2.561621971661811,3.9501589091994567,49.88790791838219,1.3757722576265528,1.766963426927445,2.256704759851633,2.8344951214731062,7.647949736126246,40,19
b64_best,267,HyCoRe,dresser,180,0.9986047841556859,3.316684364960221,3.6424633372458683,4.393997639135391,4.684346420439893,4.826030012011791,0.9299933204676175,0.9489610542211162,0.9755988594160558,0.9816915992742493,0.9840908574967013,1.6796663274437906,2.3401692725882457,3.5718444081415557,6.165923826182743,9.50406858263949,0.9542439949392607,1.3916249766230768,1.983147808747326,2.833909851146923,3.5885111840472352,35,28
b64_best,267,HyCoRe,flower_pot,134,0.9205354641456925,3.0359619335791126,3.39236126081839,4.430572134111279,5.389316600028233,5.529812166151609,0.9083451256310187,0.9349295516064554,0.9764648973080166,0.9909111346080823,0.99209667055509,2.3516797857811924,3.5163708625106227,13.168746408639382,59.68986673484704,68.46250277960509,1.5583448679505698,2.632393722621253,4.334747811541181,7.381387906845975,8.431661274655522,60,17
b64_best,267,HyCoRe,glass_box,154,0.995631299810905,2.6959944139487746,4.252062242737242,4.528204986920704,4.772659015311008,5.0312013723800435,0.8709205552254592,0.9719297254694393,0.9786306733544965,0.9832261492610814,0.9870221039905522,0.8454389858145004,1.1458568418498325,1.624550767506266,4.774952294649708,47.36311647648595,0.6768802216818057,0.9044608646285224,1.2460775169330842,2.9800665612992794,5.784445061195182,21,24
b64_best,267,HyCoRe,guitar,139,0.9997214627398733,3.9476018344147787,4.268120840336863,4.584676907774468,4.9315533110483605,5.139240127306648,0.9620781716134825,0.9723706873954823,0.979792168145749,0.985672314949505,0.9883440421813304,1.0735571256287475,1.3470463495205396,1.784108978820006,2.51452148113999,3.2528236081219517,0.8469373506881714,1.071268118332018,1.4089791864600798,2.083627324012419,2.6737980425609558,36,27
b64_best,267,HyCoRe,keyboard,131,0.9993570584520763,3.698907623948119,4.174242375541488,4.4730594132240356,4.739955132201779,4.9806506724373065,0.9516923767781508,0.9696926451815011,0.9774328495585838,0.982673341773308,0.9863419261490113,1.0939810258248415,1.3875434000613216,1.909150470726634,3.1296954834388115,13.208719887477871,0.7778578193390178,0.9882884180627264,1.375248532617024,2.094651645386135,3.565582045559418,28,22
b64_best,267,HyCoRe,lamp,112,0.9992528233631871,3.7385752719745153,4.075129743174995,4.8884205864926535,5.302093243649266,5.448780918236736,0.9535251853858284,0.9665874780693673,0.9850451718657646,0.9900870217841683,0.9914330895512998,1.7549703372215164,2.269687012005849,2.9751665132695813,3.977920535053987,5.144813605041706,1.336074781335872,1.8935203845051993,2.523185635844893,3.100768392513275,3.5531013895625816,48,34
b64_best,267,HyCoRe,laptop,134,0.9996120127135708,3.7525207365239184,4.340301042331385,4.804984629776035,5.11684730935756,5.239996038552512,0.9541071499509233,0.9742507987928997,0.9837551975778027,0.9880815947333526,0.9894536692831473,1.0496356632722523,1.4304362190619746,1.9981804630724551,3.181849837338085,4.353111693274492,1.0167305539016869,1.361774065986276,1.854226496858346,2.445570203871909,3.154954868631768,36,23
b64_best,267,HyCoRe,mantel,256,0.9832529429621043,3.854877855794729,4.1722449298591,4.59426794124416,4.830907690163906,5.120016585410795,0.9585120411011974,0.9696329496600062,0.9799830008992618,0.9841677437346741,0.9881129147444235,1.0713898146955958,1.463297344675173,2.143596900930654,3.644246299508708,72.382368899346,0.7966915907758283,1.095354384627865,1.6196517918842646,2.5121891815705335,8.72021941538405,24,18
b64_best,267,HyCoRe,monitor,419,0.9996859410013949,4.1294177453849015,4.221294477509872,4.309266750928897,4.393895753447641,4.458022825202035,0.9683251004570956,0.9710654878642214,0.9734698488345161,0.9755964193356549,0.9770948058388315,1.1591683250007203,1.441616436839229,1.882929700102794,2.5730181552199327,3.6291320949586714,0.7382236983657455,0.9080332088746695,1.1617090445579807,1.512520029457804,1.9634524694817381,40,53
b64_best,267,HyCoRe,night_stand,180,0.9973125191132616,3.205301275810381,3.8862170326917345,4.744170228997791,5.0220254160568105,5.141344914366086,0.9220664003121788,0.9597787380524183,0.9827455920011785,0.9869039826354384,0.9883680302794724,1.7157400868834236,2.3300420462530074,3.6810209754285497,8.116599093077587,19.785214513418136,1.3920197918323303,1.9128126226676188,2.6035288011434057,3.6002165728656808,4.830083582040376,47,23
b64_best,267,HyCoRe,person,79,0.9996298835900079,4.653974082889779,4.816291278137298,5.052669528242113,5.174420535560278,5.258755338102611,0.9811289998034382,0.9839308459773128,0.9872967098265076,0.9887446217674276,0.9896440770411545,1.2185702980236712,1.545239547985798,2.0981735673930153,2.8475138421927544,3.6248816086558633,1.4857187950773856,1.7989196187212135,2.2494889127499125,2.8338844893507917,3.192602536012725,18,16
b64_best,267,HyCoRe,piano,208,0.9994997419477746,4.175155870366636,4.506085069989431,4.692973683669009,4.8900611789815915,4.999323903951534,0.9697198315684323,0.9781579407855154,0.981847446481318,0.985070356329331,0.9866049825625469,1.1940758460237522,1.543181053355868,2.022997467915541,2.657986836752296,4.0806889661192915,1.0409206059536813,1.3464246084644844,1.713802354716687,2.1299786549828297,2.939382181709292,36,28
b64_best,267,HyCoRe,plant,215,0.9983048095584512,3.2466851640470153,4.021803285298005,4.490111752866025,4.698302864537642,4.885769589104388,0.9249216140124147,0.9647876647330451,0.9778101764025562,0.9819430571318082,0.9850055957653064,1.4869029714840125,1.897118630332731,2.738811789729025,6.955569216875016,17.713411165929713,1.0028307286899194,1.3163822245644774,1.8454928846904168,3.030058101018603,4.659435979389661,45,23
b64_best,267,HyCoRe,radio,94,0.9936257791276961,3.4120629569124383,4.42055422093769,5.193144269104169,5.343086501313691,5.41687169161689,0.9342316541852679,0.9762213139296708,0.9889521401004098,0.9904833178908572,0.9911564700392105,1.5859945040826453,2.0898211639534416,3.2834749621761516,7.439233418066105,53.22046949115474,2.0284572963527703,2.510729845114922,3.1402559724401,4.111344997987383,7.884485907934129,23,21
b64_best,267,HyCoRe,range_hood,103,0.9933002696468793,4.513341632816265,4.744282263075895,5.315819870180645,5.394631610910477,5.452013503865671,0.9783141581763994,0.9827473221336208,0.9902215462223654,0.9909592670352456,0.9914612518739517,1.1253174665515484,1.6173524596007844,2.7048257682965122,19.750272453810258,27.25318773700136,1.7761849692522478,2.2904851738609326,3.035657912600233,6.618987497324321,7.420269684745354,22,19
b64_best,267,HyCoRe,sink,115,0.9992109553736257,3.7172446005382622,4.258927863890935,4.697776616397425,5.184975155487648,5.274490751678106,0.9525405228607721,0.972112585672057,0.9819336405167511,0.9888620435109939,0.9898107889163517,1.668362002413487,2.178124690636386,2.927013691857861,4.206140434724,6.68676635822589,1.3979121037520383,1.777998434597911,2.3549613439588275,2.9523215864629657,3.363294352085604,65,21
b64_best,267,HyCoRe,sofa,612,0.9996800111334198,4.251786922826946,4.367168682067713,4.475264541360511,4.562283560636432,4.615839590358295,0.971922223659553,0.9749436703999487,0.9774819981727829,0.9793392697930482,0.9804061130515306,0.9668830401872426,1.2336302537159913,1.6677605179967134,2.4437569611867946,3.532657685301959,0.7551048805880768,0.9337991079088634,1.2049640689482897,1.6081913528943454,2.081118663461471,56,56
b64_best,267,HyCoRe,stairs,112,0.9995920300628112,4.126646745212146,4.5756662701868285,4.995030502534172,5.217657336377338,5.271208897576867,0.9682192925456302,0.9796111201302664,0.9865478065452186,0.9892183801060354,0.989777648476545,1.2889718572571016,1.613998585597503,2.0768719377404814,2.8434499988744903,5.692557397079372,1.3540049793323934,1.6953551840571501,2.13904763364965,2.6276581462112967,3.3464087847343813,66,25
b64_best,267,HyCoRe,stool,81,0.9945698190029266,3.66507099643086,5.052287654026367,5.22971686663008,5.345211802659925,5.4101708556346715,0.9499791249329013,0.9872918886709551,0.9893469648849441,0.9905034263877923,0.9910978976464498,1.2881694407586468,1.7608708368488737,2.562505461038893,3.809551983134125,45.17202379717275,1.9140532808332442,2.367397404997656,2.9341342148508116,3.5488087685970764,7.0271849596312075,15,21
b64_best,267,HyCoRe,table,353,0.9979009200301262,2.9081556728173297,3.605531480725823,4.282425098560539,4.632716007825911,4.786529774223879,0.8964024388924703,0.9470916322750268,0.9727579235773366,0.9807308535538363,0.9834552439406177,1.3764054899799056,1.8249700167568323,2.892217023605208,5.9598619906373225,24.353417828806847,0.7979334555568967,1.114741064232891,1.6529409437763514,2.510693764077441,4.928617713311089,40,27
b64_best,267,HyCoRe,tent,147,0.9994180542152967,3.491402465040261,3.7949011130930232,4.292878027306695,4.7444071504984455,5.051509293906379,0.9408159902989951,0.9560186651627751,0.973037381011483,0.9827496436770714,0.987281932194747,1.4574248677036041,1.905238028115766,2.5434467737230153,3.3837935541673256,7.451569571798457,0.8460576098221769,1.1077907999655596,1.520440131919669,2.036251314321612,2.521794053109224,32,22
b64_best,267,HyCoRe,toilet,310,0.9996936685583657,4.006242853423166,4.261686357644507,4.475703157692287,4.635368575272162,4.771576786414555,0.9642303514021284,0.9721949900494133,0.9774917595623371,0.9807814081576433,0.9832080322978523,1.2337799921921817,1.5257986396763052,1.9466220207543372,2.4544799859486677,3.013170623978299,0.8865919381438028,1.091062661088067,1.3698035103441166,1.6862429651535367,2.043617624015633,59,31
b64_best,267,HyCoRe,tv_stand,240,0.9958549140250302,3.149712665392944,3.726284160517314,4.5206787669723525,4.877512652926888,5.041051916273064,0.9175889130942368,0.9529677170105295,0.9784709905043154,0.9848832601211381,0.9871492135382486,1.6679777740527097,2.190544327297085,3.335693344693388,5.81778975699801,11.977655525322117,0.925191673568065,1.4415443907043128,2.147983411070952,2.9406161795166823,4.130365560281102,38,26
b64_best,267,HyCoRe,vase,427,0.9932083087031581,3.284660272912723,3.744770277756895,4.365972305242828,4.9656959933763964,5.336471592759602,0.9277827008491153,0.9538089830435492,0.9749140518900211,0.9861503024245941,0.9904204062036386,2.4527101152118442,3.5746529392912647,6.3299985909969845,13.062395129495274,33.01190495043831,1.3037773367362242,1.9323552231738266,3.0786673717303197,4.500182921826359,6.078213410261135,46,24
b64_best,267,HyCoRe,wardrobe,78,0.996376300562581,3.4061850712522594,4.026253291758665,5.1767333673592795,5.317818414295469,5.39249787665027,0.935213562909228,0.9647801414529023,0.9887705455378794,0.9902407766299129,0.9909392101951043,1.510835204542501,1.9808901695617722,2.9766843936715213,8.381953609735707,35.02992034560119,1.8699844086835162,2.359462716277819,2.9053909474455475,3.7956266429795122,6.508764272240347,36,20
b64_best,267,HyCoRe,xbox,93,0.9980132952314562,3.5745937768219114,4.917231257782515,5.1760525820727485,5.301952390676074,5.398174591411381,0.9439303214639659,0.9854669509765496,0.9887629594454858,0.9900855358878631,0.9909905473802957,1.1537203727904786,1.7095942086455223,2.64731665273146,7.940828856237585,18.168751408240947,1.5992699115300104,2.135455285829712,2.8938342343984784,3.8578381003852593,6.6545695369530495,38,19
b64_last,300,HyCoRe,airplane,563,0.999873745881093,4.550151787041295,4.6502364294301595,4.724828299292095,4.779916193957275,4.828272577570232,0.9790897127823067,0.9810623483605072,0.9824115743860109,0.9833464298089905,0.9841263223068779,0.6932838784366635,0.876773094273199,1.1988376656891584,1.6804979179127977,2.21331068901631,0.680969533820805,0.8478241806107939,1.1159533123693848,1.4813579710913984,1.8538614651756713,43,40
b64_last,300,HyCoRe,bathtub,95,0.9993955623776527,3.8290938747144634,4.603733367925476,5.126552968791873,5.3424734003783785,5.391845984840311,0.9574544933753464,0.980169638730658,0.9881960991777744,0.9904774861373613,0.9909340886826168,1.3500249207692374,1.762862713649463,2.4642331613342283,3.8429327876660815,6.13364849868511,1.5229274383390023,1.972450696022674,2.5633580363512687,3.247380060636583,3.8408313276148722,37,25
b64_last,300,HyCoRe,bed,463,0.9997419926330463,3.751362967809322,4.141785109808748,4.500571966476456,4.696150658144793,4.837490517007668,0.9540722837486508,0.968708392264905,0.9780385415009741,0.9819045048147097,0.9842708106628464,0.9578428192405977,1.1978607807716426,1.6294941339280342,2.488246370472616,3.6629337486268922,0.6971318405142987,0.8741020539836455,1.175549494678575,1.767135194477692,2.417386153895557,50,51
b64_last,300,HyCoRe,bench,156,0.999409161070515,3.5711057543473887,4.391500944475604,5.016725661541933,5.236447547984278,5.290568495201004,0.9452886474819515,0.9755384808761403,0.9868347907473103,0.9894180478714716,0.9899727340938351,1.266628375141946,1.6619663830110105,2.336682684423338,3.804780080926,6.720145433691425,1.3286356921358229,1.7937218418642895,2.33901312719992,2.9410673169710106,3.687523970908633,38,24
b64_last,300,HyCoRe,bookshelf,515,0.9996237585461272,4.0970813020921995,4.518329107552139,4.676683116737463,4.790879004785592,4.877021937756091,0.967265963306129,0.9784209014538682,0.9815520626057336,0.9835265070494529,0.9848758116501688,0.8788925392311756,1.164697093200308,1.7410037830327532,2.96275365786614,6.71540127239662,0.8295644509103933,1.0632044772768487,1.4796194499365938,2.1738887739296415,3.142972405083606,28,28
b64_last,300,HyCoRe,bottle,301,0.9949992661048658,4.670311778184613,5.245577937134629,5.714982731738564,6.110836507782508,6.212611032471093,0.9814352438328583,0.9895137215349643,0.993429243693959,0.9955724352487981,0.9960000197073361,2.3290335242181825,3.2076420892595485,6.430074214758689,11.87844188665682,19.687407774771295,3.2117638689837844,4.106812914676953,5.670307478938604,6.875364586505321,7.613288409968627,73,29
b64_last,300,HyCoRe,bowl,58,0.9993435897088065,4.263205914486183,4.885152423415081,5.466557284219746,5.536754137768278,5.569940826719845,0.9721242582284159,0.9849953107711049,0.9915840519802641,0.9921523076550326,0.992407496584405,1.123584028896501,1.6191588953935372,2.321777238883775,3.7653256504733523,8.567821530786663,1.93203101821274,2.466273761162215,3.031943833548717,3.8133122834221713,4.742775951111556,21,18
b64_last,300,HyCoRe,car,177,0.99981142761057,3.904364739140739,4.1780492164999306,4.440241142381558,4.700667263237295,4.89288943307762,0.9604871060258385,0.9698060258001118,0.9766887233611374,0.9819853168952031,0.9851097370606142,0.9280194903081855,1.1597138619491694,1.4850096057678805,1.894500865968483,3.5177223006172937,0.6613995001610833,0.8339301243490485,1.0821219190305098,1.3933519546426059,1.8921147047248577,38,28
b64_last,300,HyCoRe,chair,800,0.999130798196291,4.183376986661488,4.389441688111052,4.58505692380802,4.767311274848318,4.91590791650243,0.9699640765315857,0.9754888035616888,0.9797997684118878,0.9831369638893026,0.9854485263493389,0.9677689077351548,1.2956484900379108,1.9508353280430262,3.0755072932532763,9.543456877451673,0.8196412013205471,1.0731548447371053,1.521789881042475,2.163860386775681,3.9941082336944898,39,31
b64_last,300,HyCoRe,cone,150,0.9994716445389198,3.453489039111629,3.745968760266453,4.0592145240500095,4.608914552523773,4.772202131814446,0.9385943567548184,0.9538638129401353,0.966060680585259,0.9802710777316147,0.983218078015613,1.115192815174653,1.6262857556575303,2.3616038145317373,3.338968034708583,7.571949082373975,0.4793895753152316,0.8142606204438932,1.2940766349932247,1.820746426178986,2.3665371632601313,28,23
b64_last,300,HyCoRe,cup,71,0.998655559010404,3.8272021513832346,5.197091209856521,5.491873141494089,5.5915638815407975,5.651646694911331,0.9573372050084459,0.9889956146208843,0.9917935727098168,0.9925693278207544,0.9930009299541328,1.4006472300494357,1.8789716324720005,2.7793364697084737,5.367494907970885,16.559690324334305,2.4249545025858357,2.8826410576922186,3.524293363898284,4.263276805781786,5.421731028993759,43,20
b64_last,300,HyCoRe,curtain,123,0.9995183581027266,3.5572662035245903,3.8938946002737933,4.312977813263741,4.746637595643112,4.889118667452983,0.9445201902021629,0.9600792803097007,0.9735668225902924,0.982787441711636,0.9850563706417245,1.3043117395486796,1.7157581216725295,2.301293290351203,3.289313262004759,4.805070958014031,0.7913201801235198,1.0331727177025525,1.4245973020225087,1.966976101843467,2.5194630184259523,43,18
b64_last,300,HyCoRe,desk,180,0.9989876100444242,3.6587227234785074,4.2247706422290605,4.665082488588638,4.855852687475165,4.954924633245194,0.949477288181921,0.9711610595058151,0.9813388171355124,0.9845548073575399,0.9860013885388753,1.337655570507795,1.8002335792903406,2.7925972458840467,4.892142546900307,13.629180713699325,1.1351819091538233,1.4883785344367546,2.073831866962169,2.985268501428341,4.130692121557084,37,30
b64_last,300,HyCoRe,door,98,0.9979827425966157,4.261089272415183,4.527071182773267,5.071550074814304,5.2193081778563135,5.29123505706964,0.9721073623104681,0.9786050804976969,0.9875328179207998,0.989236028922482,0.9899793015598739,1.2149856367104381,1.5463718958014183,2.07609808501046,2.9351802567171257,31.168430008912864,1.2679582469120292,1.7267308165992516,2.2188702579802686,2.8249073677434677,6.888746550417907,54,25
b64_last,300,HyCoRe,dresser,180,0.9990389099203295,3.5854073985042016,4.022958113130873,4.568393670384435,4.767957211594693,4.8717073327103675,0.9460071898802224,0.9648296421368397,0.9794638244683642,0.9831477542282633,0.9847957620449205,1.4591335509481809,1.9965164410801073,2.973258147533867,5.057541017296465,7.934434572520622,1.04878889042154,1.4508222450949932,2.0233007862505126,2.797808298692656,3.6153025769446625,37,24
b64_last,300,HyCoRe,flower_pot,134,0.9616886125912846,3.3610133526548776,3.9232920834498324,5.05627909270012,5.499797315449789,5.660970587555039,0.9327249584645619,0.9612082991285078,0.9873416924521876,0.9918579725339947,0.9930650089475747,1.8787128304256278,2.600338022397904,6.178877335761447,48.09384152836349,69.3769579255865,1.8988184581981478,2.8437885963133915,4.060560409059484,6.864758972226929,8.471762654800031,53,23
b64_last,300,HyCoRe,glass_box,154,0.9982640946608395,3.8024393739007736,4.194882360527635,4.411004584926168,4.740293852850562,5.162155903272524,0.9563388584221096,0.9703025426008614,0.9760053781882954,0.9826775365647374,0.9886047684376973,0.8379493644218248,1.082889705283201,1.532529399758163,3.4847375364339412,24.86930230956053,0.5921026438605997,0.7721698047299232,1.06384578004532,2.6236417995978574,5.532083817278781,20,18
b64_last,300,HyCoRe,guitar,139,0.9997871826042576,3.9751519963651964,4.441467569002586,4.660969051747916,4.909404695854705,5.252030121655449,0.9631291950830709,0.9767168829582977,0.9812626182099934,0.985353970034392,0.9895807618217042,0.9712671339003364,1.1888041697280542,1.5403202777843101,2.179660087427962,3.2040828281455296,0.8523549937541673,1.0409016775903102,1.3288710838249722,2.028865289229053,2.4549506078236223,42,31
b64_last,300,HyCoRe,keyboard,131,0.9986046134071735,3.682042683654003,4.581087557964378,4.952498689179244,5.193093724967794,5.264190413182042,0.950788959671815,0.9797202416364689,0.9859676850024088,0.9889517802061332,0.9897060952890404,0.9237938680383764,1.1657333937864742,1.6530551786929428,3.11966691119846,29.055038334799807,1.0504211842375724,1.348477757369743,1.825469232323647,2.5756827033691283,5.255347460368321,40,30
b64_last,300,HyCoRe,lamp,112,0.9995038267532721,4.268440616969884,4.690197113105512,5.143520287130323,5.305032621220604,5.393152005141104,0.9723554569474882,0.9817972154156012,0.9883934561825489,0.9901160053345072,0.9909459274154656,1.435605011907411,1.8298298103032904,2.390677544651525,3.191453794714008,4.743601397602774,1.7616390759094136,2.1003808246450317,2.5856754409858693,3.1352714472663195,3.63686803012873,52,18
b64_last,300,HyCoRe,laptop,134,0.9996658322700603,3.878978199482974,4.211317767376609,4.5216616951372846,4.940318899938693,5.210504768470581,0.9594574321789404,0.9707795175504902,0.9784919169208307,0.9857961650705938,0.9891414401672513,1.0602994948709525,1.4381418641221075,1.9487323450269647,2.621863927423439,4.757156453800928,0.817846661099832,1.0887849122437117,1.4911264397204935,2.052647072709151,2.5488388471571337,42,24
b64_last,300,HyCoRe,mantel,256,0.9857853855517997,4.271885581547774,4.62313592270734,4.846162267368872,4.96151445341984,5.108154828258889,0.9724521634116601,0.9805471701532822,0.9844055725531836,0.9860926107182961,0.9879780868485488,0.888993229067683,1.149949419136021,1.6127572201426197,2.8326333157459107,69.77632264415209,0.9043615748030396,1.1576272531285,1.5737502016136464,2.3992985599838224,8.75288335843054,33,20
b64_last,300,HyCoRe,monitor,419,0.9997236774283302,4.2963958001128475,4.389967607555749,4.4674904051719,4.547091784456452,4.635772576206281,0.9731305199973778,0.9755015466927102,0.9773082522075942,0.9790263154438757,0.9807890045858774,1.1073093184878369,1.3718795862275284,1.7844551257003627,2.362695544263643,3.416656871363701,0.8250642188208543,1.0045858779846635,1.2744380767864194,1.6256755156582345,2.1705937466636516,39,34
b64_last,300,HyCoRe,night_stand,180,0.9949135808550204,2.940189107006329,3.7863516040234595,4.610042206917926,4.910735248664044,5.098582246027162,0.8995506373303858,0.9556424137640106,0.9802933121778168,0.9853735807123488,0.9878632987526091,1.6986718035279509,2.2367365910588055,3.498528762266445,7.821697759706365,39.49351997825404,1.255024457692675,1.699195735232857,2.371519845850009,3.3607182041262464,5.813733089723292,34,21
b64_last,300,HyCoRe,person,79,0.9996578906648007,4.3252786912172345,4.887048471979237,5.198285081416441,5.349769714866992,5.41815952922229,0.97388291566435,0.9850253965407558,0.9890086724463321,0.9905463338013446,0.9911652277482383,1.1236577456050367,1.4054575652732886,1.9776869608701992,2.803292786646356,3.741679580250378,1.5191279450118922,1.843980206271268,2.358762323097805,2.988391085201435,3.4940216629795144,51,15
b64_last,300,HyCoRe,piano,208,0.9997101217770625,4.233126268642588,4.493087011879961,4.826035364705156,4.958555571924491,5.061134373094233,0.9714006804499523,0.9778752897232513,0.9840910564411425,0.9860518244007253,0.9874029403539207,1.0505869096327352,1.350798071703738,1.7712453195109146,2.326376268089809,4.565149926609764,1.054732701499677,1.311353671819211,1.6784201006210142,2.0770249680737143,2.874556295833875,42,35
b64_last,300,HyCoRe,plant,215,0.9985342765256287,3.6999550096983267,4.289974190832733,4.668333811832422,4.867625238154135,4.948862504021585,0.9517201866808949,0.9729587731268884,0.9813988288897374,0.9847341904235442,0.9859169085901761,1.2808469294468132,1.6710314330087663,2.4677041660939723,6.731408664516984,14.289806386045335,1.066979923263888,1.3880431192290736,1.9596884541356385,3.266669362001419,4.735301552702715,40,30
b64_last,300,HyCoRe,radio,94,0.9943303756519263,3.655993523967921,4.08552557654181,5.056688323490917,5.2311897914354155,5.400589346630178,0.9493470823155725,0.9669270833457335,0.9873473366732521,0.9893625220086832,0.9910127257003927,1.6364685001713088,2.063655870521273,2.8842890902431084,5.560301671556587,53.19574336464725,1.4945345699565633,2.0491866512699466,2.692134525111284,3.4227344212342907,8.030225482723697,60,25
b64_last,300,HyCoRe,range_hood,103,0.9935674690845364,4.019657404152936,4.5482991485112185,5.181674241886998,5.438993586338787,5.532593602733136,0.9647130599558559,0.9790483449122223,0.9888256010768913,0.991349840957815,0.9921194656495613,1.1477964403121725,1.5168211656477106,2.2438339228038244,17.962582855980802,29.027972452965056,1.436339924863763,1.9894869971459865,2.672730741173871,6.367965130782997,7.54856245511583,48,18
b64_last,300,HyCoRe,sink,115,0.9994976226866938,4.006771862256058,4.589234500860423,5.100094493309368,5.231785587196434,5.3064824294161355,0.9642393042986556,0.9798813645710707,0.987881535245285,0.9893688511681445,0.9901302557261528,1.3983907647253169,1.8219520438276036,2.441792173397687,3.2916678734978095,4.266314542392717,1.5047618926569408,2.00054105930164,2.545289093213596,3.02083732671496,3.367953042742861,55,23
b64_last,300,HyCoRe,sofa,612,0.9998357045406352,4.5045256780631,4.603607740389525,4.696523875369994,4.763577184031317,4.801683763379994,0.9781242506702581,0.9801673612458686,0.9819111986900804,0.9830744130834731,0.9837020984271224,0.7914625052359631,1.009633874442745,1.3718357911871308,1.903704188718077,2.5297829370140343,0.7644549865606896,0.9507260418770456,1.2311936813073396,1.586004398538479,1.9316336229941098,52,47
b64_last,300,HyCoRe,stairs,112,0.9997219438711221,4.448367903665433,4.666789524767498,5.054597411643984,5.2402760517984195,5.287085344370037,0.9768721937508787,0.9813700487965538,0.9873209576287106,0.9894582667682692,0.989937923819287,1.1336398589360959,1.418629804006556,1.821182458138438,2.398952896919479,3.1783498807702397,1.3307924241103148,1.5976342460787312,2.0213009672871056,2.527690111331327,2.957395602256201,51,21
b64_last,300,HyCoRe,stool,81,0.9925308651356632,3.871288630518763,4.955204388712335,5.1732120462071025,5.297787267650052,5.38303717745606,0.9591868801956532,0.9860053356026629,0.9887311749536783,0.9900445014922753,0.9908542167881224,1.3013208284657385,1.6993594402211167,2.39730224852099,3.7618136476632906,48.11979550021218,1.831224108677293,2.2000577765887557,2.7105911831492655,3.440294796416929,7.2708691660007485,22,24
b64_last,300,HyCoRe,table,353,0.9981036326132489,3.204206057323375,3.7028001281216065,4.421002127411705,4.7381417192233934,4.871754633981,0.9219502636219598,0.951877637728721,0.9762412746540382,0.9826421480882542,0.9847964614998358,1.2635006149063366,1.6960733997135575,2.669477333485828,5.757828015629924,24.303603992234773,0.7534648707642493,1.0983395433004726,1.6959724785770582,2.608901787399175,4.532698182112036,30,25
b64_last,300,HyCoRe,tent,147,0.9997112557636543,4.20238871553466,4.586511167324587,4.987324587877581,5.135513913132362,5.20329575687472,0.9705210676107827,0.9798276908685618,0.9864447062696012,0.9883007847967229,0.9890631178955477,1.129237544682348,1.4433812996645285,1.8854462701915655,2.432020335696575,2.9045685824577507,1.224488149413157,1.5376177986436228,1.9557470692512884,2.393582795828999,2.7662431627886255,62,26
b64_last,300,HyCoRe,toilet,310,0.9997994066767631,4.436088453040467,4.567466510379667,4.710645846905955,4.816808928189062,4.9101901017904686,0.9765922221787013,0.979444976774854,0.98216258995356,0.9839447879822784,0.9853656690375582,0.9766686530654243,1.2228456657124802,1.5752487491614033,1.990425353451079,2.4305466099335873,0.9055520860468812,1.1173486986929502,1.3986120476045116,1.7116466258969778,1.9838333818089708,58,54
b64_last,300,HyCoRe,tv_stand,240,0.9964010399201976,2.8501259179994944,3.560548348225145,4.556080356375089,4.94559771194151,5.117465560457174,0.8906366082656386,0.9447246323094156,0.9792120382854437,0.9858711896168839,0.9880889824417031,1.5727021614016086,2.038360835656809,3.0448278554546144,5.611263772886173,9.864384529570804,0.8218618188342612,1.315036023610882,2.0242042125190327,2.8328654094264487,3.7562410931302166,48,24
b64_last,300,HyCoRe,vase,427,0.9911915484718097,3.3648482269210613,3.9671041629353154,4.553982102346123,5.144872996498853,5.614759296885455,0.9329999207023534,0.962845854524969,0.9791688356132834,0.9884091151942719,0.9927390634582256,2.176532497411789,3.1021015184752128,5.506276981009785,11.895947791889858,56.77212394753914,1.395209854783612,2.061942983326048,3.2267728566962446,4.617505451085075,7.106302626941323,35,20
b64_last,300,HyCoRe,wardrobe,78,0.9983828711211453,3.3902372970217276,4.0244234880196155,5.199738112181905,5.339680672859101,5.398782086257145,0.9327269306064697,0.964875554064546,0.9890244614624014,0.9904509796698738,0.9909961603916623,1.5106938237210272,2.060304776380983,3.120270092359619,6.292326700829304,13.698096486305072,1.602476400020354,2.2450914890729994,2.9047942457980507,3.6417707730740645,4.743392676954958,42,18
b64_last,300,HyCoRe,xbox,93,0.997676344909217,4.292099793333337,4.674910824883913,5.107517874847025,5.278184742960224,5.366172573693062,0.9729582735124629,0.9815196149101837,0.9879706230759221,0.9898483928446434,0.9906994393591813,1.2396395111855694,1.7847506544791405,2.6461144944811235,5.081660037490759,30.85171919559409,1.4508044896965002,2.0210694084024956,2.7490334033221204,3.7626223902958706,7.1478904516348605,25,18
